{"summary": "Two-hour \u2018experience\u2019 offered tour of Santiago\u2019s Plaza Italia but offer prompted fierce backlash against effort to monetize protestChile: Airbnb tour that promised chance to 'live the revolution' pulled after outcryThe revolution will not be monetized, after all.\nAn Airbnb tour which invited tourists in Chile to \u201cLive the Revolution\u201d by visiting the square that has become a rallying ground for anti-government protests has been removed after prompting outrage.\nThe two-hour \u201cexperience\u201d offered a tour of Santiago\u2019s Plaza Italia, which has become ground zero for a wave of mass demonstrations over social and economic inequality.\nPlaza Italia in the capital Santiago has been the site of repeated clashes between protesters and police.\nChile security forces' crackdown leaves toll of death and broken bodies Read morePublicist Fran Sasso launched a non-profit tour, Chile Despert\u00f3 \u2013 Chile Has Awakened \u2013 in collaboration with over 40 street artists and creatives, including Ciraolo.", "url": "https://www.theguardian.com/world/2019/dec/18/chile-airbnb-tour-santiago-plaza-italia", "paragraphs": ["Two-hour \u2018experience\u2019 offered tour of Santiago\u2019s Plaza Italia but offer prompted fierce backlash against effort to monetize protest", "Chile: Airbnb tour that promised chance to 'live the revolution' pulled after outcry", "The revolution will not be monetized, after all.", "An Airbnb tour which invited tourists in Chile to \u201cLive the Revolution\u201d by visiting the square that has become a rallying ground for anti-government protests has been removed after prompting outrage.", "The two-hour \u201cexperience\u201d offered a tour of Santiago\u2019s Plaza Italia, which has become ground zero for a wave of mass demonstrations over social and economic inequality.", "Costing 19,000 Chilean pesos (\u00a319), the excursion also included a bottle of water and protective eye goggles \u2013 a nod to those worn by protesters to shield themselves from birdshot and rubber-coated pellets shot by riot police.", "'Mentally, we're in crisis mode': protests leave Chileans living on their nerves Read more", "It was promoted on Airbnb Experiences, a platform offering \u201cone-of-a-kind activities hosted by locals\u201d \u2013 but was withdrawn from the site on Tuesday after mounting criticism on social media.", "Promotor Sesbasti\u00e1n Nieto told local media that he dreamt up the tour after noting foreign visitors\u2019 fascination with the demonstrations.", "\u201cI realized that at the protests there are always lots of spectators, people taking photos,\u201d he said. \u201cOf course there is a backdrop of social issues \u2013 which is totally valid \u2013 but there\u2019s also a playful element.\u201d", "Chileans responded with fury, with some claiming the tour was a violation of Airbnb\u2019s safety policies, while others condemned its insensitivity. Airbnb did not immediately respond to a request for comment.", "\u201cThe social struggle is NOT a business\u201d read one tweet.", "For nearly three months, hundreds of thousands of people have joined marches and rallies across Chile, calling for dramatic changes to the country\u2019s economic and political system.", "Security forces have been accused of a string of serious human rights abuses in their response to the unrest, which has left at least 26 people dead and thousands injured.", "Last week, the UN human rights office said it had documented 345 cases in which people suffered eye injuries after being struck by lead pellets fired from police shotguns.", "Plaza Italia in the capital Santiago has been the site of repeated clashes between protesters and police.", "Rubble litters the square around a boarded-up metro station which was set alight by arsonists. The smell of tear gas lingers permanently in the air.", "But the protests have also led to a proliferation of politically charged creativity, including impromptu public concerts and new political street art.", "\u201cLearn the social demands of the movement through the art of the protests\u201d wrote Nieto on the now-defunct Airbnb page.", "But the offer provoked a strong backlash from the country\u2019s artistic community.", "\u201cI find it horrible that he\u2019s trying to make money off this,\u201d said Fab Ciraolo, the artist behind a mural of poet Gabriela Mistral donning a green feminist scarf and holding the black flag emblem of the protests.", "Chile security forces' crackdown leaves toll of death and broken bodies Read more", "Publicist Fran Sasso launched a non-profit tour, Chile Despert\u00f3 \u2013 Chile Has Awakened \u2013 in collaboration with over 40 street artists and creatives, including Ciraolo.", "\u201cWe made the tour to educate, not to profit,\u2019\u2019 said Sasso, who accused Nieto of copying her idea.", "\u201cChileans are hurting every day that they have to protest. You shouldn\u2019t make money off pain, or turn it into a spectacle,\u201d she said.", "Protester Mario Hans, 33, who has gone to Plaza Italia every day since the unrest began said he was uncomfortable at the idea that anyone would profit from Chile\u2019s political uprising.", "\u201cThis is a movement against capitalism, for equality,\u201d he said. \u201cThe first goal here should be to inform, not to charge.\u201d"], "pubDate": null, "keywords": ["chance", "revolution", "airbnb", "live", "plaza", "social", "chile", "promised", "protests", "read", "pulled", "political", "outcry", "tour", "italia"], "id": "0450367a-fa08-30fe-b486-0fcaba81921c", "publicationId": "c9a0e53b-93fe-38df-a6ea-4c8ff4501783", "authors": ["Charis Mcgowan"], "title": "Chile: Airbnb tour that promised chance to 'live the revolution' pulled after outcry"}