{"id": "0eca6d41-f3a6-37a6-b2fb-e7ab2dfc85e5", "title": "Hundreds of millions in green grants for English homes pulled despite delays", "url": "https://www.theguardian.com/environment/2021/feb/10/hundreds-of-millions-in-green-grants-for-english-homes-pulled-despite-delays", "summary": "The government\u2019s flagship programme for a green recovery is in turmoil after it was revealed that hundreds of millions of pounds are being withdrawn from its green homes grant programme.\nShe was asked by Labour\u2019s Catherine West whether any underspend in the first tranche of the \u00a32bn green homes grant programme to March 2021 would be rolled over now that the programme was being extended into 2021-22.\nThe minister said: \u201cThe original funding for the green homes grant voucher scheme was announced as a short-term stimulus, for use in the 2020-21 financial year only.\u201dShe indicated a far smaller amount announced by the chancellor \u2013 \u00a3320m \u2013 would be available from March this year for the green homes grant programme \u2013 effectively withdrawing hundreds of millions of pounds from the programme.\nThe green grants were promoted by Boris Johnson as a key plank in his 10 point plan for a green recovery.\nThe \u00a32bn scheme was made up of \u00a31.5bn for householders and landlords, and another \u00a3500m for local authorities.", "paragraphs": ["The government\u2019s flagship programme for a green recovery is in turmoil after it was revealed that hundreds of millions of pounds are being withdrawn from its green homes grant programme.", "Ninety-five per cent of the \u00a31.5bn pot provided for householders in England to make their homes less carbon intensive remains unspent due to long delays in giving out grants to householders and making payments to installers.", "Some householders have been waiting nearly five months for the grants to be approved and installers say they have had to lay off staff because they are owed tens of thousands of pounds by the scheme, which is run by an American global consulting firm, ICF.", "By 22 January, only \u00a371m of the \u00a31.5bn promised to householders had been given out \u2013 less than 5%. The grants have been extended to run until March 2022 because of the delays.", "But in a parliamentary answer, the business minister Anne-Marie Trevelyan revealed the \u00a32bn available would not be rolled over into the next financial year from March.", "She was asked by Labour\u2019s Catherine West whether any underspend in the first tranche of the \u00a32bn green homes grant programme to March 2021 would be rolled over now that the programme was being extended into 2021-22.", "The minister said: \u201cThe original funding for the green homes grant voucher scheme was announced as a short-term stimulus, for use in the 2020-21 financial year only.\u201d", "She indicated a far smaller amount announced by the chancellor \u2013 \u00a3320m \u2013 would be available from March this year for the green homes grant programme \u2013 effectively withdrawing hundreds of millions of pounds from the programme.", "The green grants were promoted by Boris Johnson as a key plank in his 10 point plan for a green recovery. The government promised the programme would support 100,000 jobs while cutting people\u2019s energy bills and CO2 emissions. Householders can apply for vouchers of up to \u00a35,000 or \u00a310,000 depending on their circumstances, to help pay for installation of new heating systems and insulation. The \u00a32bn scheme was made up of \u00a31.5bn for householders and landlords, and another \u00a3500m for local authorities.", "But news that the unspent hundreds of millions of pounds would not roll over into the next financial year angered the renewable energy industry.", "Chris Hewett, the chief executive of the trade association Solar Energy UK, said removing the money \u201cwould be an alarming early failure of the government\u2019s 10-point plan for a green recovery, transforming a flagship policy into something tokenistic\u201d.", "The shadow business secretary, Ed Miliband, said it made a mockery of the government\u2019s commitments on climate change and a green recovery.", "\u201cIt is outrageous that the government is withdrawing funding promised to help insulate people\u2019s homes,\u201d he said. \u201cThey are denying homeowners the energy improvements they need, denying installers the work they need and denying the country the green transition we need.\u201d", "Ministers awarded the contract to run the programme to ICF, a large American consulting corporation based in Virginia. Details of the value of the government contract have not yet been published.", "Miliband said mismanagement of the programme meant just a fraction of the billions was now going to be spent.", "\u201cMinisters must make good on their funding promise and reverse this farcical decision by rolling all the underspend over into 2021,\u201d he said.", "Government figures last week showed that just over 21,000 vouchers had been issued to householders since last September, out of their target of 600,000.", "Hewett said the grant was a great idea that had been poorly implemented.", "\u201cA year ago the chancellor put \u00a32bn on the table and, as it stands, three-quarters of that is about to taken away by the Treasury,\u201d he said. Removing the \u00a32bn pot would, he said, leave the businesses who have engaged with the programme in good faith out of pocket, undermine confidence in the industry, and ultimately cost more jobs than it delivers. \u201cThe government must not pull the rug from underneath consumers and installers,\u201d said Hewett.", "Philip Dunne, the Conservative chair of the environmental audit committee, criticised the way the programme was being run. He said at the current rate it would take 10 years to fulfil the government\u2019s promise that the grants would help 600,000 householders switch to low-carbon heat alternatives.", "\u201cUnless overhauled and further extended, this scheme will fail to deliver its ambition,\u201d said Dunne.", "John Alker, the director of policy and places at the UK Green Building Council, said he would be extremely disappointed if the government did not roll over the \u00a32bn funding into 2021-2.", "\u201cThe problems with the scheme have not been about consumer appetite, but with the scheme\u2019s administration, with householders having to wait months in some cases, and installers having to wait similar amounts of time to get paid for works done,\u201d he said.", "\u201cStop-start policy of this kind is extremely counterproductive for businesses looking to invest in delivering a green recovery, and it is disappointing to see that lessons that should have been learned from the fate of previous schemes appear to have been missed.\u201d", "The \u00a32bn scheme, run by the Department for Business, Energy and Industrial Strategy, was launched last autumn. A pot of \u00a31.5bn was for householders and landlords and another \u00a3500m is available for local authorities to improve the energy efficiency of their stock.", "The government did not provide a comment."], "authors": ["Sandra Laville"], "keywords": ["green", "delays", "pulled", "programme", "english", "householders", "2bn", "grants", "energy", "millions", "despite", "grant", "run", "scheme", "hundreds", "homes"], "pubDate": "2021-02-10T00:00:00Z", "publicationId": "c9a0e53b-93fe-38df-a6ea-4c8ff4501783"}