{"id": "2123c0ae-9ac2-3a47-9983-d4381ffb1443", "title": "FLASHBACK: Prince Harry recounts Prince Philip's Zoom calls with Queen Elizabeth II", "url": "https://www.foxnews.com/entertainment/prince-harry-prince-philip-zoom-james-corden", "summary": "Prince Harry has spoken lovingly of his grandfather, Prince Philip, including in an interview this past February, just over a month before the Duke of Edinburgh died at age 99.\nHarry, in a \"The Late Late Show\" appearance that aired Feb. 25, said he'd communicated with Philip and Queen Elizabeth II frequently -- even on Zoom.\nPRINCE HARRY TELLS LATE-NIGHT HOST JAMES CORDEN ABOUT ROYAL ORDEAL, 'TOXIC' UK PRESSThe televised interview was recorded before Philip had been hospitalized for an infection.\nPRINCE HARRY REVEALS WHAT HE THINKS OF NETFLIX\u2019S \u2018THE CROWN\u2019: \u2018IT\u2019S LOOSELY BASED ON THE TRUTH\u2019Philip married Elizabeth in 1947 at London's Westminster Abbey five years before she became queen.\nCLICK HERE TO GET THE FOX NEWS APPBoth Philip and Elizabeth, 94, received COVID-19 vaccinations in January.", "paragraphs": ["Prince Harry has spoken lovingly of his grandfather, Prince Philip, including in an interview this past February, just over a month before the Duke of Edinburgh died at age 99.", "Harry, in a \"The Late Late Show\" appearance that aired Feb. 25, said he'd communicated with Philip and Queen Elizabeth II frequently -- even on Zoom.", "When James Corden asked the 36-year-old if his grandmother knew how to use the online chat service, Harry told the British TV host, \"Yes, both my grandparents do.\"", "He continued, \"They have Zoomed a few times, they have seen [my son] Archie running around,\" he explained. \"But my grandfather, instead of pressing \u2018Leave Meeting,' he just goes\" \u2013 and Harry pretends to close his laptop.", "\"I am like 'bye,' as I'm pressing,\" said Harry before imitating Philip closing the laptop.", "PRINCE HARRY TELLS LATE-NIGHT HOST JAMES CORDEN ABOUT ROYAL ORDEAL, 'TOXIC' UK PRESS", "The televised interview was recorded before Philip had been hospitalized for an infection. He died Friday. Buckingham Palace announced in a statement: \"His Royal Highness passed away peacefully this morning at Windsor Castle.\"", "PRINCE HARRY REVEALS WHAT HE THINKS OF NETFLIX\u2019S \u2018THE CROWN\u2019: \u2018IT\u2019S LOOSELY BASED ON THE TRUTH\u2019", "Philip married Elizabeth in 1947 at London's Westminster Abbey five years before she became queen. He was the longest-serving royal consort in British history.", "He had retired from public duties in 2017 and rarely appeared in public afterward. During England's coronavirus lockdown, he and the queen had been staying at Windsor Castle, west of London.", "CLICK HERE TO GET THE FOX NEWS APP", "Both Philip and Elizabeth, 94, received COVID-19 vaccinations in January.", "Harry and his wife, Meghan Markle, currently reside in California with their firstborn, Archie. On Valentine\u2019s Day, the Duke and Duchess of Sussex announced they were expecting their second child.", "The Associated Press contributed to this report."], "authors": ["Stephanie Nolasco"], "keywords": ["late", "ii", "philips", "prince", "recounts", "harry", "calls", "flashback", "royal", "elizabeth", "public", "zoom", "pressing", "windsor", "philip", "queen"], "pubDate": null, "publicationId": "16476dca-59ce-395e-b896-050080120cd4"}