{"paragraphs": ["Clemency is also poised to catalyze a mounting national conversation on prison reform. Early in 2019, it won the U.S. Dramatic Grand Jury Prize, the top honor in its category, at Sundance; Chukwu was the first black woman to receive the award. \u201cIt was surreal. It didn\u2019t hit me for a couple of months, and I didn\u2019t get the magnitude of it for a long time,\u201d she says. \u201cIt has been a whirlwind.\u201d", "The youngest of four, Chukwu, 34, was born in Port Harcourt, in southern Nigeria. Her parents, who were petroleum engineers, moved the family to Oklahoma when Chukwu was just over a year old; when she was six, they relocated to Fairbanks, Alaska, though they still visited Nigeria often. It didn\u2019t take long before Chukwu sensed how different she was from her classmates: \u201cI was the first African, let alone Nigerian, they had ever met. I felt my otherness. It was a struggle, and I wanted to fit in.\u201d She suffered from depression, a condition not helped by the limited wintertime daylight. But she read Maya Angelou and joined the weight-lifting club, and she knew she wanted to make movies. \u201cI dreamed in scenes,\u201d she recalls\u2014and wrote down ideas for films and music videos in a journal she carried around with her. Writing was how she escaped the darkness of her emotions. Alone in her bedroom she would build fantasies about dating and prom, and stories about Nigerian--American girls reconnecting with lost siblings or loves.", "Chukwu never felt American enough in Fairbanks, nor Nigerian enough in Nigeria. Almost two decades later, she would get a tattoo on her wrist that reads enough\u2014a reminder of her self-worth. She went to DePauw University, in Indiana, because of the generous financial aid it offered her, and studied English, with a focus on screenwriting. College was where she began to exercise the traits that would lead her to Sundance: an ability to calculate how to get what she wanted, and a singular drive to then do it. During her senior year, she made her first short film, independent of her classwork, about black female experiences at the university. \u201cThe women she interviewed really illustrated the diversity of black womanhood in a place where people assumed all black people were the same,\u201d says Latrice Ferguson, Chukwu\u2019s close friend from college. Both were bookish students, but they laughed a lot and had impromptu dance parties, supporting each other during what Chukwu describes as difficult years on a campus where she felt alienated. Pursuing film helped give her clarity. \u201cWhen she started, it felt divine: It was not only what she wanted to do, but it\u2019s something that was clearly meant to be,\u201d Ferguson says.", "After Chukwu graduated, she decided that she was going to take better care of herself\u2014get outside more, worry less about what people thought of her, and go to therapy. She enrolled in film school at Temple University in Philadelphia and made three short films, experimenting with themes about reconnection and moving between cultures. She also started teaching third grade at a public school in North Philadelphia. \u201cTeaching was the single most life-changing experience I ever had,\u201d Chukwu says. \u201cIt expanded my capacity for joy and empathy. It made me realize that I\u2019m living for more than just myself. The black girls would just stare at me, and I realized they were seeing themselves in me, and they were watching my every move\u2014that\u2019s powerful, my God.\u201d"], "url": "https://www.vogue.com/article/chinonye-chukwu-clemency-interview", "pubDate": null, "keywords": ["film", "teaching", "chukwu", "university", "felt", "black", "nigeria", "clemency", "wanted", "chinonye", "movie", "didnt", "sundance", "devastating"], "id": "2140a059-4857-3bc8-9aea-2076648564dc", "title": "With Clemency, Chinonye Chukwu Has Made the Most Devastating Movie of the Year", "summary": "Dramatic Grand Jury Prize, the top honor in its category, at Sundance; Chukwu was the first black woman to receive the award.\n\u201cIt has been a whirlwind.\u201dThe youngest of four, Chukwu, 34, was born in Port Harcourt, in southern Nigeria.\nIt didn\u2019t take long before Chukwu sensed how different she was from her classmates: \u201cI was the first African, let alone Nigerian, they had ever met.\nChukwu never felt American enough in Fairbanks, nor Nigerian enough in Nigeria.\nDuring her senior year, she made her first short film, independent of her classwork, about black female experiences at the university.", "publicationId": "ac884d35-ccb4-3937-81f8-8474a4d7a549", "authors": ["Cond\u00e9 Nast", "Alexis Okeow"]}