{"summary": "Minimum wage increases may be costing Americans their livelihoods.\nCALIFORNIA RISING MINIMUM WAGE CAUSES YET ANOTHER RESTAURANT TO CLOSEBeginning in 2020, the city of Seattle will increase the minimum wage for companies employing over 500 workers from $16 per hour to $16.39 per hour.\n\u201cAll of this is due to the minimum wage increase paired with other laws that are coming down through our city council,\u201d she explained.\n\u201cWe could have something like an exemption for tipped workers,\u201d Barron suggested.\n\u201cWe need to have some sort of balance here, because right now, you know, we\u2019re losing jobs, we\u2019re losing hours, we\u2019re losing tipped income and it\u2019s not good,\u201d she concluded.", "keywords": ["losing", "jobs", "increase", "restaurant", "minimum", "wage", "tipped", "laws", "seattle", "strangling", "hour", "workers"], "paragraphs": ["Minimum wage increases may be costing Americans their livelihoods.", "Continue Reading Below", "\u201cThere have been several restaurants in Seattle that have closed because of the [burdensome] laws that are coming down\u2014that are hitting them\u2014and the minimum wage is one of those,\u201d Full Service Workers Alliance co-founder Simone Barron told FOX Business\u2019 Stuart Varney.", "CALIFORNIA RISING MINIMUM WAGE CAUSES YET ANOTHER RESTAURANT TO CLOSE", "Beginning in 2020, the city of Seattle will increase the minimum wage for companies employing over 500 workers from $16 per hour to $16.39 per hour. Companies employing 500 workers or fewer will see their required minimum pay increase from $15 per hour to $15.75 per hour in the new year\u2014if they do not contribute $2.25 per hour to medical benefits or the employee does not earn $2.25 per hour in tips.", "BANK OF AMERICA ACCELERATES TIMELINE FOR $20 MINIMUM WAGE", "Barron herself is a victim of this mandated pay raise. The restaurant at which she currently works, her former place of employment, and the restaurant at which she was hoping to work will all be closing in 2020, she said.", "\u201cAll of this is due to the minimum wage increase paired with other laws that are coming down through our city council,\u201d she explained.", "'DEATH BY A THOUSAND CUTS': GOVERNMENT-MANDATED WAGE, BENEFITS HURTING SMALL BUSINESSES", "The Full Service Workers Alliance co-founded by Barron aims to \u201csteer and help mold\u201d laws to improve working conditions and protect the freedoms of workers in the full-service restaurant industry, according to the organization\u2019s website.", "Barron linked the minimum wage increase to gradual decreases in the industry including losses in hours, losses in tipping and the loss of supporting jobs such as bussers and hosts. She added that the opportunities young people usually rely on for their first jobs are also disappearing.", "GET FOX BUSINESS ON THE GO BY CLICKING HERE", "She did, however, offer possible solutions to the problem.", "\u201cWe could have something like an exemption for tipped workers,\u201d Barron suggested.", "She argued that tipped workers who were already making \u201cfar above\u201d the minimum wage never asked for an increase and that an exemption would allow money to go to those who really need it\u2014citing cooks and dishwashers specifically.", "\u201cWe need to have some sort of balance here, because right now, you know, we\u2019re losing jobs, we\u2019re losing hours, we\u2019re losing tipped income and it\u2019s not good,\u201d she concluded.", "CLICK HERE TO READ MORE ON FOX BUSINESS"], "publicationId": "16476dca-59ce-395e-b896-050080120cd4", "url": "http://www.foxbusiness.com/markets/minimum-wage-strangling-seattle-restaurant-workers", "authors": ["Frank Connor"], "id": "2adacb85-cd26-3dde-a94c-34a26a10b4ba", "pubDate": null, "title": "Minimum wage strangling Seattle restaurant workers"}