{"id": "31787faf-580f-3fe5-926d-98fd65271f78", "summary": "Avenue in French capital, often called the world\u2019s most beautiful, has seen better daysThe Champs-\u00c9lys\u00e9es, often called the \u201cmost beautiful avenue in the world\u201d, is not what it was.\nThe Champs-\u00c9lys\u00e9es has more and more visitors and big name businesses battle to be on it, but to French people it\u2019s looking worn out,\u201d Jean-No\u00ebl Reinhardt, president of the Champs-\u00c9lys\u00e9es committee said.\nFacebook Twitter Pinterest On May 8, 1945, Parisians gather on the Champs-\u00c9lys\u00e9es to celebrate the German surrender in the second world war.\nFacebook Twitter Pinterest Crowds celebrate in the Champs-\u00c9lys\u00e9es after France won the football World Cup in 1998.\n\u201cWe have to think big and not just about the Champs-\u00c9lys\u00e9es, but all around it,\u201d he says.", "publicationId": "c9a0e53b-93fe-38df-a6ea-4c8ff4501783", "pubDate": null, "url": "https://www.theguardian.com/world/2019/dec/18/its-a-little-worn-paris-champs-elysees-in-line-for-250m-make-over", "title": "'It's a little worn': Paris plans \u20ac250m Champs-\u00c9lys\u00e9es makeover", "paragraphs": ["Avenue in French capital, often called the world\u2019s most beautiful, has seen better days", "The Champs-\u00c9lys\u00e9es, often called the \u201cmost beautiful avenue in the world\u201d, is not what it was. The pavements are cracked, the trees that line the cobbled, traffic-clogged road struggle to survive in one of Paris\u2019s most polluted areas, and Parisians stay away.", "Now local community leaders have unveiled an ambitious \u20ac250m (\u00a3212m) project to restore the celebrated 1.2 mile (1.9km) long avenue to at least some of its former glory.", "\u201cIt\u2019s often called the world\u2019s most beautiful avenue, but those of us who work here every day are not at all sure about that. The Champs-\u00c9lys\u00e9es has more and more visitors and big name businesses battle to be on it, but to French people it\u2019s looking worn out,\u201d Jean-No\u00ebl Reinhardt, president of the Champs-\u00c9lys\u00e9es committee said.", "Reinhardt says his association, which represents those who live, work and trade on the avenue running from the Arc de Triomphe on Place Charles de Gaulle to Place de la Concorde, will present their plans to the candidates standing in next year\u2019s municipal elections in January.", "The Champs-\u00c9lys\u00e9es makeover would need public and private investment, he told journalists.", "\u201cThe last renovation of the Champs-\u00c9lys\u00e9es was 25 years ago. We must bring the Champs-\u00c9lys\u00e9es into the 21st century,\u201d Reinhardt said. \u201cWe need to modernise, de-stress [the avenue] and encourage Parisians to come back\u201d.", "Facebook Twitter Pinterest On May 8, 1945, Parisians gather on the Champs-\u00c9lys\u00e9es to celebrate the German surrender in the second world war. Photograph: AFP/Getty Images", "The Champs-\u00c9lys\u00e9es was originally a mixture of swamp and kitchen gardens when Andr\u00e9 Le N\u00f4tre, gardener to Louis XIV the Sun King, first laid out the wide promenade lined with a double row of elm trees on each side, called the Grand Cours. In 1709, it was renamed the Champs-\u00c9lys\u00e9es and extended, and by the end of the century had become a popular place to walk and picnic.", "The city celebrated its liberation from the Nazis in 1944 on the Champs-\u00c9lys\u00e9es and World Cup victories still bring out the crowds, but its famous charm has faded. Today it is known for its expensive cafes, luxury shops, high-end car salesrooms and commercial rents that are among the highest in the world, as well as the annual Bastille Day military parade. More recently it was the scene of some of the most violent clashes between gilets jaunes and riot police.", "Its name is French for the mythical Greek paradise, the Elysian Fields; but Parisians largely shun it.", "Facebook Twitter Pinterest Crowds celebrate in the Champs-\u00c9lys\u00e9es after France won the football World Cup in 1998. Photograph: Gabriel Bouys/AFP via Getty Images", "Architect Philippe Chiambaretta, whose firm PCA-Stream drew up the plans, said research showed that of the estimated 100,000 pedestrians on the avenue every day, 72% are tourists and 22% work there. The eight-lane highway is used by an average of 3,000 vehicles an hour \u2013 most passing through \u2013 and is more polluted than the busy p\u00e9riph\u00e9rique ring road around the French capital.", "Chiambaretta said it needed to be developed to be \u201cecological, desirable and inclusive\u201d.", "\u201cIt was always designed for the people and shouldn\u2019t just be a luxury avenue,\u201d Chiambaretta said.", "He admitted the Champs-\u00c9lys\u00e9es had become a place that summed up the problems faced by cities around the world: \u201cPollution, the place of the car, tourism and consumerism.\u201d", "The ambitious plans include reducing the space for vehicles by half, creating tunnels of trees and encouraging more aesthetic use of commercial spaces such as terraces. The committee also wants a major rethink of the area all around the Champs-\u00c9lys\u00e9es to make it more pedestrian friendly up to and including the nearby River Seine, with traffic diverted into a tunnel.", "\u201cWe work here every day so we know we have to profoundly change things. We can\u2019t just say it\u2019s the responsibility of the public authorities. We want the Champs-\u00c9lys\u00e9es to remain a centre of attraction in the world, we want tourists to keep coming but we want the Parisians who used to come here 100 years ago to come back,\u201d Reinhardt said.", "Facebook Twitter Pinterest A reimagining of the Champs-\u00c9lys\u00e9es. Photograph: PCS-Stream", "Plans to improve the Champs-\u00c9lys\u00e9es are not new, but as Paris prepares to host the 2024 Olympics, there is an impetus to spruce up the city\u2019s most celebrated street before the world descends.", "A Paris city hall spokeswoman said the Champs-\u00c9lys\u00e9es is already closed to traffic one Sunday every month and the city authorities had already carried out work including a cycle lane on the avenue.", "Chiambaretta says some of the work could begin after next year\u2019s elections, but the wider project would have to wait until after the games.", "Futuristic sketches showing the Arc de Triomphe surrounded by sand and water or transformed into an ice rink are, Chiambaretta admits, probably a pipe dream.", "Giving the Champs \u00c9lys\u00e9es and its surroundings a makeover is not, he says. \u201cWe have to think big and not just about the Champs-\u00c9lys\u00e9es, but all around it,\u201d he says."], "authors": ["Kim Willsher"], "keywords": ["twitter", "place", "250m", "plans", "called", "little", "day", "world", "makeover", "paris", "champs\u00e9lys\u00e9es", "french", "parisians", "work", "worn", "avenue"]}