{"id": "3c5808fd-5be1-38fd-99e0-fb389073ce46", "summary": "Documents and mobile phones were reportedly seized as 24 warrants were executed in the cities of Rio and Resende.\nThe targets included a chocolate shop in Rio partly owned by Fl\u00e1vio Bolsonaro.\nReports in the Brazilian press have also linked Fl\u00e1vio Bolsonaro to members of a notorious death squad one local broadsheet has called Rio\u2019s \u201cmost lethal and secretive phalanx of hired guns\u201d.\n\u201cIf Queiroz tells everything he knows about the Bolsonaro family, it\u2019ll bring down the government,\u201d tweeted Guilherme Boulos, a prominent leftist leader.\nBolsonaro\u2019s \u201cenemies\u201d were to blame, lawyer Fred Wasseff reportedly claimed, without specifying who those foes might be.", "publicationId": "c9a0e53b-93fe-38df-a6ea-4c8ff4501783", "pubDate": null, "url": "https://www.theguardian.com/world/2019/dec/18/bolsonaro-brazil-corruption-raids-investigation-flavio-bolsonaro", "title": "Brazil: homes of Bolsonaro associates raided in sweeping anti-corruption operation", "paragraphs": ["Investigators examining Bolsonaro\u2019s senator son Fl\u00e1vio, suspected of overseeing corruption racket during tenure as Rio congressman", "Investigators have raided the home of a longstanding friend and associate of the Brazilian president Jair Bolsonaro, as well as addresses linked to Bolsonaro\u2019s son and ex-wife, in the latest phase of a politically damaging corruption investigation embroiling his family.", "Brazil has become a cautionary tale for the world's democracies | Petra Costa Read more", "The operation \u2013 part of an embezzlement and money-laundering inquiry focusing on one of Bolsonaro\u2019s three politician sons, Fl\u00e1vio \u2013 dominated Brazilian front pages on Wednesday and came as a major embarrassment to the rightwing populist who was elected promising to stamp out corruption.", "Officials from Rio de Janeiro\u2019s public prosecutor reportedly descended on multiple addresses linked to Fabr\u00edcio Queiroz \u2013 a friend of Jair Bolsonaro since the mid-1980s \u2013 and to Bolsonaro\u2019s ex-wife, and his former father-in-law and sister-in-law.", "Documents and mobile phones were reportedly seized as 24 warrants were executed in the cities of Rio and Resende.", "The targets included a chocolate shop in Rio partly owned by Fl\u00e1vio Bolsonaro.", "The investigation is examining suspicions that the now senator Fl\u00e1vio Bolsonaro oversaw a corruption racket during his 15 years as a Rio congressman, with the collaboration of Queiroz, his then security chief and aide.", "Reports in the Brazilian press have also linked Fl\u00e1vio Bolsonaro to members of a notorious death squad one local broadsheet has called Rio\u2019s \u201cmost lethal and secretive phalanx of hired guns\u201d.", "Jair Bolsonaro\u2019s opponents expressed delight at Wednesday\u2019s raids \u2013 a sign, they speculated, that the net was closing in on a family with increasingly well-documented social ties to members of Rio\u2019s mafia.", "\u201cIf Queiroz tells everything he knows about the Bolsonaro family, it\u2019ll bring down the government,\u201d tweeted Guilherme Boulos, a prominent leftist leader.", "Others are more cautious, pointing to the year-long delay in searching Queiroz\u2019s house since the scandal broke in December 2018, on the eve of Bolsonaro\u2019s inauguration.", "Bernardo Mello Franco, a columnist for the O Globo newspaper, said that tardiness had given Queiroz ample opportunity to hide any potential evidence.", "\u201cThe Bolsonaro family\u2019s do-all is a retired police officer,\u201d Mello Franco wrote. \u201cWith his experience, he knows exactly what this kind of operation is looking for.\u201d", "Brazil\u2019s far-right president made no immediate comment on Wednesday\u2019s raids but his son lawyer\u2019s claimed they represented \u201cyet another attempt to destabilize Jair\u2019s government\u201d.", "Bolsonaro\u2019s \u201cenemies\u201d were to blame, lawyer Fred Wasseff reportedly claimed, without specifying who those foes might be."], "authors": ["Tom Phillips"], "keywords": ["sweeping", "son", "linked", "associates", "bolsonaros", "homes", "queiroz", "bolsonaro", "brazilian", "anticorruption", "fl\u00e1vio", "reportedly", "brazil", "rio", "corruption", "raided", "operation"]}