{"id": "4273a986-fc87-3ba9-9e6d-e2e7ae9eaab5", "title": "Pelosi gets \u2018sharp\u2019 when asked about AOC during \u201960 Minutes\u2019 interview", "url": "http://www.foxnews.com/politics/pelosi-gets-sharp-when-asked-about-aoc-during-60-minutes-interview", "summary": "House Speaker Nancy Pelosi gave an extensive interview to \"60 Minutes\" that aired Sunday night, and one of the highlights was when correspondent Lesley Stahl asked her about the party\u2019s future leadership.\nStahl pointed out that Pelosi is 80 years old and House Majority Leader Steny Hoyer is 81, and she asked why there are no clear heirs in the party.\nPelosi told Stahl that the question was essentially based on a false premise.\nShe responded that party leaders have groomed future leadership, and perhaps she was unaware.\nPelosi responded, \"I don\u2019t know.", "paragraphs": ["House Speaker Nancy Pelosi gave an extensive interview to \"60 Minutes\" that aired Sunday night, and one of the highlights was when correspondent Lesley Stahl asked her about the party\u2019s future leadership.", "Stahl pointed out that Pelosi is 80 years old and House Majority Leader Steny Hoyer is 81, and she asked why there are no clear heirs in the party. Especially since \"The Squad,\" the group of young progressives, command such a large following on social media.", "Pelosi told Stahl that the question was essentially based on a false premise. She responded that party leaders have groomed future leadership, and perhaps she was unaware.", "\"Why does AOC [Rep. Alexandria Ocasio-Cortez, D-N.Y.] complain that you have not been grooming younger people for leadership?\" Stahl asked.", "Pelosi responded, \"I don\u2019t know. You\u2019ll have to ask her\u2014because we are.\"", "Stahl seemed to be taken aback for a moment and said, \"That was kind of sharp, kind of dismissing her.\"", "DC DELEGATE NORTON TO INTRODUCE RESOLUTION TO CENSURE TRUMP AS 'ONLY REMEDY THAT CAN PASS BOTH CHAMBERS'", "Pelosi said that was not her intention and said AOC is \"very effective, as are others\u2014many other members in our caucus that the press doesn\u2019t pay attention to. But they are there and they are building support for what comes next.\"", "Ocasio-Cortez told The Intercept in an interview published in December that Pelosi and Senate Minority Leader Chuck Schumer should no longer hold the leadership positions in the party that they do. She said the party has little interest in grooming future generations.", "\"I think one of the things that I have struggled with \u2014 I think that a lot of people struggle with \u2014 is [that] the internal dynamics of the House has made it such that there\u2019s very little option for succession if you will,\" she said.", "CLICK HERE TO GET THE FOX NEWS APP", "Pelosi once also caught the media\u2019s attention when she seemed to downplay Ocasio-Cortez\u2019s victory over Rep. Joe Crowley in the Democratic primary in 2016. She said a \"glass of water with a D\" could win in these Democrat strongholds."], "authors": ["Edmund Demarche", "Edmund Demarche Is A Senior News Editor For Foxnews.Com. Follow Him On Twitter"], "keywords": ["party", "sharp", "60", "gets", "leadership", "think", "stahl", "responded", "rep", "pelosi", "interview", "minutes", "future", "told", "asked", "house", "aoc"], "pubDate": null, "publicationId": "16476dca-59ce-395e-b896-050080120cd4"}