{"id": "44f1a2cc-cd3f-3917-a140-424a06bdc5de", "title": "LIVE UPDATES: Derek Chauvin trial continues Friday; medical examiner who did George Floyd autopsy testifies", "url": "https://www.foxnews.com/us/live-updates-derek-chauvin-trial-continues-friday-medical-examiner-expected-to-testify", "summary": "The murder trial of former Minneapolis police Officer Derek Chauvin saw highly anticipated testimony from Hennepin County Medical Examiner Dr. Andrew Baker Friday.\nHe performed the only autopsy on George Floyd following his May 2020 death.\nUnlike medical experts who testified earlier in the trial, he declined to list asphyxia, or lack of oxygen, as a cause of Floyd's death.\nFAST FACTS Chauvin, 45, is charged with second and third-degree murder and manslaughter in the death of Floyd.\nAnd Dr. Bill Smock, a Louisville, Kentucky, physician in forensic medicine, also testified that Floyd had died from \"positional asphyxia.\"", "paragraphs": ["The murder trial of former Minneapolis police Officer Derek Chauvin saw highly anticipated testimony from Hennepin County Medical Examiner Dr. Andrew Baker Friday.", "He performed the only autopsy on George Floyd following his May 2020 death.", "He testified that a combination of Floyd's serious heart condition and being held down by police led to his death. He also repeated the autopsy findings that Floyd had a likely fatal dose of fentanyl in his system. Methamphetamine was also present.", "Unlike medical experts who testified earlier in the trial, he declined to list asphyxia, or lack of oxygen, as a cause of Floyd's death.", "On Thursday, Dr. Martin Tobin, a medical expert, testified that Floyd died of a lack of oxygen from being pinned to the pavement with a knee on his neck, not because of drug use and health issues.", "FAST FACTS Chauvin, 45, is charged with second and third-degree murder and manslaughter in the death of Floyd.", "", "Defense attorney Eric Nelson has argued that the now-fired White officer did what he was trained to do and that Floyd\u2019s death was caused by illegal drugs and underlying medical problems.", "And Dr. Bill Smock, a Louisville, Kentucky, physician in forensic medicine, also testified that Floyd had died from \"positional asphyxia.\"", "Fox News will present coverage surrounding the historic trial throughout the week. In addition to programming on the Fox News Channel, Fox News Digital will provide livestreams of the proceeding at FoxNews.com.", "Follow below for more updates on the trial. Mobile users click here."], "authors": [], "keywords": ["george", "floyds", "testified", "dr", "medical", "examiner", "floyd", "death", "live", "derek", "murder", "oxygen", "trial", "continues", "updates", "testifies", "officer"], "pubDate": null, "publicationId": "16476dca-59ce-395e-b896-050080120cd4"}