{"id": "4e111baf-b4b1-3c06-b6ed-9fa1a6959281", "title": "See the Latest Picture of Kristen Stewart as Princess Diana in Spencer", "url": "https://www.vogue.com/article/see-the-latest-picture-of-kristen-stewart-as-princess-diana-in-spencer", "summary": "The world just got another glimpse of Kristen Stewart as Diana, Princess of Wales\u2014and a replica of her iconic engagement ring takes center frame.\nProduction company Neon shared a picture of Stewart in costume for her new Pablo Larra\u00edn film, Spencer, on Instagram.\nIt appears Stewart is recreating a look that Diana wore in a 1989 visit to Portsmouth, England.\nDiana, Princess of Wales on a visit to Portsmouth in January 1989.\n\u201cSpencer is a dive inside an emotional imagining of who Diana was at a pivotal turning point in her life,\u201d Stewart has told Variety.", "paragraphs": ["The world just got another glimpse of Kristen Stewart as Diana, Princess of Wales\u2014and a replica of her iconic engagement ring takes center frame.", "Production company Neon shared a picture of Stewart in costume for her new Pablo Larra\u00edn film, Spencer, on Instagram. In it, the actor wears a plaid coat, chunky \u201980s-esque pearls, and a white turtleneck. Her hair is coiffed into Diana\u2019s signature blonde cut, and her ring-clad hand is perfectly framed. \u201cThat sapphire,\u201d the studio wrote in the caption.", "It appears Stewart is recreating a look that Diana wore in a 1989 visit to Portsmouth, England. Now, Spencer takes place in December 1993\u2014during the weekend in Sandringham when Princess Diana officially decided to divorce Prince Charles\u2014so it\u2019s unclear whether the outfit is donned during a flashback scene or whether the costume designers just decided to dress Stewart in a similar throwback style. Regardless, it\u2019s quite the historical homage.", "Diana, Princess of Wales on a visit to Portsmouth in January 1989. Julian Parker", "The images arrive amid a fraught moment for the royal family. In early March, Prince Harry and Meghan Markle\u2019s tell-all Oprah interview was watched by 17 million viewers in the United States alone\u2014and subsequently dominated global headlines for days. Meanwhile, in February, The Crown won the 2021 Golden Globe for best television drama.", "Spencer is expected to come out sometime this fall. \u201cSpencer is a dive inside an emotional imagining of who Diana was at a pivotal turning point in her life,\u201d Stewart has told Variety. \u201cIt is a physical assertion of the sum of her parts, which starts with her given name: Spencer. It is a harrowing effort for her to return to herself, as Diana strives to hold on to what the name Spencer means to her.\u201d"], "authors": ["Elise Taylor", "Elise Taylo"], "keywords": ["stewart", "latest", "prince", "decided", "costume", "portsmouth", "spencer", "diana", "picture", "princess", "kristen", "takes", "visit"], "pubDate": null, "publicationId": "ac884d35-ccb4-3937-81f8-8474a4d7a549"}