{"summary": "Harry Connick Jr. knows the secret behind his lasting marriage to Jill Goodacre.\nAccording to the outlet, Connick Jr. and the former Victoria\u2019s Secret model, 55, tied the knot in 1994 \u2014 four years after they met and two years after they got engaged.\nHARRY CONNICK JR.\nRECALLS FRANK SINATRA KISSING HIS WIFE ON THE LIPS: 'IT'S COMPLETELY INAPPROPRIATE'HARRY CONNICK JR.\n\u201cI think respect in general and love are two things that we could use a lot more of.", "keywords": ["goodacre", "respect", "think", "shes", "connick", "love", "marriage", "25year", "try", "jill", "jr", "lot", "values", "reflects", "harry"], "paragraphs": ["Harry Connick Jr. knows the secret behind his lasting marriage to Jill Goodacre.", "\u201cI married my best friend and I married a woman who I look up to infinitely,\u201d the singer-songwriter told Us Weekly on Monday.", "\u201cWe have the same values so it\u2019s easy for us to try and impart those on our children,\u201d the 52-year-old added.", "According to the outlet, Connick Jr. and the former Victoria\u2019s Secret model, 55, tied the knot in 1994 \u2014 four years after they met and two years after they got engaged. The couple share three daughters: Georgia, 23, Sara Kate, 22, and Charlotte, 17.", "HARRY CONNICK JR. RECALLS FRANK SINATRA KISSING HIS WIFE ON THE LIPS: 'IT'S COMPLETELY INAPPROPRIATE'", "HARRY CONNICK JR. REVEALS SURPRISING NEW GIG, SAYS TALENT TO PERFORM 'WAS GIVEN BY GOD'", "Back in 2018, the \u201cHope Floats\u201d actor also reflected on life with Goodacre.", "\u201cJill\u2019s my best friend and I\u2019ve known her now for 27 years,\u201d the star told Fox News at the time. \u201cAnd for me, it\u2019s all about my maintaining interest in her. I mean, she\u2019s fascinating to me, she\u2019s still mysterious to me, I\u2019m still very interested in her and everything that sort of makes her tick, and I think it\u2019s mutual.\u201d", "\u201cWe never really think of it in terms of keeping the spark going,\u201d he continued. \u201cI love being around her, I respect her infinitely and I admire her so much. She\u2019s a hero of mine. We just take it day-to-day, and you know, count our blessings really.\u201d", "Connick Jr. also stressed that sharing similar values was essential for having a lasting relationship.", "HARRY CONNICK JR. AND WIFE JILL GOODACRE STILL MADLY IN LOVE AFTER 25 YEARS OF MARRIAGE", "HARRY CONNICK JR. TALKS COLON CANCER SCREENING OPTIONS", "\u201cIn my experience, love and respect are paramount, and that\u2019s what my relationship with Jill is predicated upon, and that\u2019s what we try to teach our girls,\u201d he said at the time. \u201cI think respect in general and love are two things that we could use a lot more of.", "\u201cAll I can do is try to walk the walk and improve and be a good a person as I can be\u2026 I think we live in a time when some of those types of values are talked about a lot\u2026 We\u2019ve made a lot of great cultural advancements, artistic advancements, but anything goes right now.\u201d", "But there\u2019s one lesson Connick Jr. has learned from his marriage to Goodacre \u2014 always play it safe when it comes to one special holiday.", "\u201cI usually play it pretty conservative when it comes to Valentine\u2019s Day,\u201d he shared about his gift-giving skills. \u201cLike, we\u2019ll go out to dinner, you know, flowers and things like that. So I don\u2019t really have a lot of best and worst Valentine\u2019s Day gifts. I am a sucker for anniversaries, though. They have the traditional gift and the modern gift, and one of the years was like gold earrings or something.", "\u201cI got a pair of little fake plastic football goals and I attached an earring clasp to them. She said, \u2018What is this?\u2019 I said, \u2018Those are goal earrings.\u2019 That was probably the worst one. It was a bad pun.\u201d"], "publicationId": "16476dca-59ce-395e-b896-050080120cd4", "url": "https://www.foxnews.com/entertainment/harry-connick-jr-jill-goodacre-faith-values", "authors": ["Stephanie Nolasco"], "id": "4e152d0b-89c2-329b-b985-6f7b8b1ccdbc", "pubDate": null, "title": "Harry Connick Jr. reflects on his 25-year marriage to Jill Goodacre: \u2018We have the same values\u2019"}