{"id": "69e10497-f03c-3f1d-aba1-5a8721b11a9f", "title": "New Hampshire track coach fired for refusing to make athletes wear masks speaks out on 'Tucker'", "url": "https://www.foxnews.com/us/new-hampshire-track-coach-brad-keyes-no-mask-mandate", "summary": "A New Hampshire high school track-and-field coach who was fired after informing the school's athletic director he would not allow his athletes to wear masks while competing spoke out on \"Tucker Carlson Tonight\" Friday.\nKeyes told Carlson that before sending his message, he ran some 200- and 400-meter sprints with a mask on.\nKAY IVEY LIFTS MASK RULES, URGES COMMON SENSE TO COMBAT VIRUS\"I knew it would be bad,\" he said.\nThen I got thinking about what\u2019s happening with any particles that are coming off the masks.\nI\u2019m thinking we won\u2019t, because I don\u2019t think there\u2019s a way to stand up and justify this,\" Keyes said.", "paragraphs": ["A New Hampshire high school track-and-field coach who was fired after informing the school's athletic director he would not allow his athletes to wear masks while competing spoke out on \"Tucker Carlson Tonight\" Friday.", "In an email to Pembroke Academy athletic director Fred Vezina, Bradley Keyes called the decision to require masks during events \"senseless, irrational, cowardice buls---\"", "\"I will not stand up in front of the kids and lie to them and tell them that these masks are doing anything worthwhile out in an open field with wind blowing and sun shining ... I will not deceive them into thinking that these restrictions are somehow necessary or sensible,\" he wrote, concluding his missive by telling Vezina: \"I regret putting you in this position. Fire me if you must.\"", "Keyes told Carlson that before sending his message, he ran some 200- and 400-meter sprints with a mask on.", "ALABAMA GOV. KAY IVEY LIFTS MASK RULES, URGES COMMON SENSE TO COMBAT VIRUS", "\"I knew it would be bad,\" he said. \"Everything has to come through the fabric. It takes extremely exhausting races and makes them significantly worse. Then I got thinking about what\u2019s happening with any particles that are coming off the masks. What are you actually breathing into your lungs over and over again? I got even more concerned about the possible health effects.\"", "In the wake of his firing, Keyes said he hoped any administrator at Pembroke Academy, located just outside Concord, would have spoken up in defense of the policy.", "\"I haven\u2019t heard anything. I\u2019m thinking we won\u2019t, because I don\u2019t think there\u2019s a way to stand up and justify this,\" Keyes said.", "The former coach explained that he held the coaching job on a part-time basis, and conceded that Pembroke was within its legal right to fire him.", "CLICK HERE TO GET THE FOX NEWS APP", "\"I have a full-time job elsewhere. I\u2019m self-employed. It\u2019s not about the money. I\u2019m not even worried about being fired. I won\u2019t work in an organization that does that anyway,\" he said.", "\"I put their backs against the wall. I didn\u2019t give them much of a choice. I was hoping for a reaction because I wanted to get some other people start talking. My goal is to get these mandates removed. It\u2019s not just track and field. It\u2019s tennis, baseball; every outdoor sport.\""], "authors": ["Charles Creitz"], "keywords": ["pembroke", "wear", "mask", "stand", "track", "wont", "fired", "hampshire", "thinking", "keyes", "coach", "refusing", "tucker", "speaks", "masks", "athletes", "im", "vezina", "job"], "pubDate": null, "publicationId": "16476dca-59ce-395e-b896-050080120cd4"}