{"title": "An Exclusive Tour Of World of Warcraft: Shadowlands' Revendreth", "url": "https://www.gameinformer.com/index.php/feature/2019/11/18/an-exclusive-tour-of-world-of-warcraft-shadowlands-revendreth", "publicationId": "7abf5426-5048-31ce-9c0a-822c58b19b47", "authors": ["Pc Editor", "Daniel Enjoys Poker", "West Highland White Terriers", "A Good Cat Gif."], "paragraphs": ["For this zone, the team was trying to tackle the question of: \u201cWhat would WoW Translyvania look like?\u201d It takes the form of a gigantic gothic castle sprawling over a misty forest and a curious pit. Carriages, floating vampiric aristocracy, gargoyles, and little Igor-style gravedigger minions called dredgers mill about. The zone is colossal, so my guided tour through the realm of sinners \u2013 who can still be redeemed in some form \u2013 took me through each of the castle\u2019s five wards.", "The entryway itself is suffering disrepair, as are the buildings and structures across the castle grounds. This is a problem that many of the Shadowlands zones have, as no new souls are coming in due to everyone being routed to the Maw. The castle proper looms over the zone like an oppressive titan, towering over the Village Ward where players enter and can get the lay of the land. Sin stones, gravestones with the soul\u2019s crimes listed upon it, litter each pathway. Souls sent here can etch these sins off their stones over time as they prepare for the afterlife, but the Venthyr\u2019s methods are often horrific and torturous. While the Venthyr may have an important purpose in the Shadowlands, with their task of preparing tainted souls for the afterlife, you can\u2019t help but think these vampiric, bickering aristocrats have a serious streak of sadism.", "The souls that show up here under normal circumstances are \u201cbad guys,\u201d prideful, and perhaps having justified terrible things, and have a chance at redemption over eons of suffering in the Shadowlands. A famous character from Warcraft that ended up here is Kael\u2019thas Sunstrider. Carriages are a frequent sight throughout the castle grounds, and beyond being a cool aesthetic addition, players can hop on and off at will to help speed up travel or get through pockets of aggressive enemies. The Village Ward is mostly exterior environments, various dilapidated buildings, and a view of the fog-filled forest where the Venthyr schedule hunts on tortured souls, sending them out with a false sense of security and hope they run away, then track them down and \u201chumble\u201d them.", "The next stop on the carriage-ride is the Cathedral Ward. It\u2019s a mix of interior and exterior space and significantly higher class than the village below. One of the major dungeons of the expansion, Revendreth Cathedral, is located here. Elevators are scattered everywhere, allowing players to move from ward to ward and explore the vertical space of the zone. Along the way in this area, we spot someone who looks decidedly out of place, a sort of Ethereal-looking merchant that\u2019s part of an organization known as the Brokers.", "The Brokers are a faction separate from the Covenants and the Maw, sort of soul-traders, that can move freely around the Shadowlands. In the wake of the recent calamities, the Brokers have taken this chance to capitalize on new opportunities for profit and perhaps more. They are similar in appearance to the Ethereal faction from multiple expansions, and the team\u2019s comments lead me to believe they\u2019ll be just as shady and manipulative throughout this expansion as our old friends.", "The Ember Ward is a stark contrast to the rest of the space. This is the only spot in Revendreth where the light has actually broken through, and hence is the worst nightmare for our light-vulnerable friends. This area is destroyed, and the unfortunate Venthyr that have been sent here as punishment are either dead, driven insane by the light, or battling each other for the scant pockets of shadow that dot the ward. The ruling class of Venthyr can\u2019t torture each other like they would other souls, but they have the Ember Ward to handle dissidents and rabble-rousers. Outside of being burned to death by the light, the exposure also slowly turns Venthyr insane. This isn\u2019t a fun place, but it\u2019s thematically awesome \u2013 the Venthyr have even turned their torturous pursuits to utilizing mirrors as weapons with the stray light.", "The Venthyr\u2019s massive gargoyle army is housed in the Military Ward, but this area and the gargoyle forces are both in disrepair due to the soul drought. We spot a dredger being created out of a giant pit here \u2013 they\u2019re just made from muck. The dredgers keep attempting to rebuild and keep the wards active, but it\u2019s a battle they\u2019re losing. The Military Ward is an endgame centric area featuring catacombs, hostile enemies, and cool animated weapons and items that the Venthyr have shoved souls into.", "A quick jaunt around the Castle Ward highlights multiple points of interest. Various districts make up the Castle Ward, designed for those who curry favor with the countess, a place for old money, dark favors, decadent delights, and grisly parties. This is also the first chance I get to look at the area below the castle, a spooky place known as Endmire. Endmire is where creatures end up that have moved from realm to realm in the Shadowlands, twisted and misshapen as a result of the anima ending up in the wrong place. The stuff down here isn\u2019t necessarily the creepy Bloodborne-vibe of the parapets above, instead, it\u2019s a different blend of strange, an unnerving warped reality composed of creatures that defy sense and explanation, with a wide assortment of aberrations and colors flitting about in an unchecked bog. Under normal circumstances, the gargoyles would keep these manifestations under control, but now they\u2019re simply tossing these creatures down. Creatures with two heads. Creatures with no heads. Energy spiders. The denizens down there are super weird, and kind of awesome, like a Princess Mononoke/Spirited Away bestiary gone wrong.", "My tour of Revendreth left me a bit awestruck. It\u2019s rare that I can\u2019t wait to get in and begin what will inevitably just be distilled down to grabbing a bunch of quests and doing them most efficiently to level up, but I\u2019m more excited for the prospect of what happens after. Once players complete their trial period in each of the four core realms, they\u2019re given a choice at a level cap that starts a post-level campaign, full of quests and adventures that players selecting the other options won\u2019t get to do. These choices flesh out the zones and cultures even more while bringing the player into the fold of that covenant and their particular challenges and stories. It\u2019s difficult to say right now, but I think Revendreth has a good shot at ousting Karazhan as my favorite WoW environment of all time.", "Click the banner below for more on World of Warcraft: Shadowlands, Overwatch 2, and Diablo IV!", "This article originally appeared in the December 2019 issue of Game Informer."], "keywords": ["area", "warcraft", "venthyr", "creatures", "souls", "world", "revendreth", "ward", "zone", "castle", "place", "players", "shadowlands", "tour", "exclusive"], "summary": "This is a problem that many of the Shadowlands zones have, as no new souls are coming in due to everyone being routed to the Maw.\nElevators are scattered everywhere, allowing players to move from ward to ward and explore the vertical space of the zone.\nA quick jaunt around the Castle Ward highlights multiple points of interest.\nVarious districts make up the Castle Ward, designed for those who curry favor with the countess, a place for old money, dark favors, decadent delights, and grisly parties.\nClick the banner below for more on World of Warcraft: Shadowlands, Overwatch 2, and Diablo IV!", "id": "720e6a31-ffac-3a9c-9bd8-42c525a5a1a7", "pubDate": null}