{"summary": "US secretary of state Mike Pompeo on Tuesday came out in support of Arsenal player Mesut \u00d6zil for his criticism of China\u2019s treatment of ethnic Uighur Muslims, saying Beijing can censor the team\u2019s football games but cannot hide human rights violations.\nMesut \u00d6zil row: China's Arsenal fans burn shirts in anger at Xinjiang post Read moreChina\u2019s state broadcaster CCTV on Sunday removed Arsenal\u2019s Premier League game against Manchester City from its broadcast schedule.\n\u201cChina\u2019s Communist Party propaganda outlets can censor Mesut \u00d6zil and Arsenal\u2019s game all season long, but the truth will prevail,\u201d Pompeo tweeted.\nMeanwhile, former Manchester City midfielder Yaya Tour\u00e9 said \u00d6zil should not have spoken out to denounce human rights in China.\nUS president Donald Trump in November signed into law congressional legislation backing protesters in Hong Kong despite angry objections from China.", "url": "https://www.theguardian.com/football/2019/dec/17/mike-pompeo-mesut-china-uighur-persecution", "paragraphs": ["US secretary of state Mike Pompeo on Tuesday came out in support of Arsenal player Mesut \u00d6zil for his criticism of China\u2019s treatment of ethnic Uighur Muslims, saying Beijing can censor the team\u2019s football games but cannot hide human rights violations.", "The Arsenal midfielder, a German Muslim of Turkish origin, last week in social media posts called Uighurs \u201cwarriors who resist persecution\u201d and criticized both China\u2019s crackdown and the silence of Muslims in response.", "Mesut \u00d6zil row: China's Arsenal fans burn shirts in anger at Xinjiang post Read more", "China\u2019s state broadcaster CCTV on Sunday removed Arsenal\u2019s Premier League game against Manchester City from its broadcast schedule.", "\u201cChina\u2019s Communist Party propaganda outlets can censor Mesut \u00d6zil and Arsenal\u2019s game all season long, but the truth will prevail,\u201d Pompeo tweeted. \u201cThe CCP can\u2019t hide its gross human rights violations perpetrated against Uighurs and other religious faiths from the world.\u201d", "The United Nations and human rights groups estimate that between 1m and 2m people, mostly ethnic Uighur Muslims, have been detained in harsh conditions in Xinjiang as part of what Beijing calls an antiterrorism campaign.", "China has repeatedly denied any mistreatment of Uighurs.", "Secretary Pompeo (@SecPompeo) China\u2019s Communist Party propaganda outlets can censor @MesutOzil1088 and @Arsenal\u2019s games all season long, but the truth will prevail. The CCP can\u2019t hide its gross #HumanRights violations perpetrated against Uighurs and other religious faiths from the world.", "Meanwhile, former Manchester City midfielder Yaya Tour\u00e9 said \u00d6zil should not have spoken out to denounce human rights in China.", "\u201cFootballers have to stay with football and politicians to politics because you cannot be involved with this kind of things because its going to attract a lot of problems and a lot of things,\u201d said Tour\u00e9, who has just completed five months playing at Chinese second-tier club Qingdao Huanghai. \u201cAs a Muslim it is complicated and it is his choice. He\u2019s been doing his comments but I think he was wrong to say that.\u201d", "On Monday, China\u2019s Foreign Ministry said \u00d6zil \u201chad been completely deceived by fake news and false statements\u201d.", "Washington has been ratcheting up its criticism of Beijing over Uighurs simultaneously as it has continued its trade deal negotiations. US president Donald Trump in November signed into law congressional legislation backing protesters in Hong Kong despite angry objections from China.", "Earlier this month, the US house of representatives passed legislation requiring a stronger response to Beijing\u2019s treatment of its Uighur Muslim minority.", "How the NBA's rift with China laid bare the cost of free speech Read more", "What started as demonstrations against a now-withdrawn bill allowing extradition from Hong Kong to mainland China has morphed into calls for greater democratic freedoms and nearly six months of sometimes violent protests in Hong Kong. Beijing has condemned the unrest and blamed foreign interference.", "Arsenal on Saturday tried to distance itself from \u00d6zil\u2019s comments after he posted messages on Twitter and Instagram. \u201cThe content he expressed is entirely \u00d6zil\u2019s personal opinion,\u201d the official account of Arsenal said in a post on China\u2019s Twitter-like Weibo platform.", "The controversy is the latest between the sports industry and China. In October, an executive with the National Basketball Association expressed support for the pro-democracy demonstrators in Hong Kong, angering Beijing and suddenly putting on shaky ground the league\u2019s estimated $4bn market in China."], "pubDate": null, "keywords": ["uighurs", "kong", "pompeo", "rights", "arsenal", "criticism", "\u00f6zil", "backs", "china", "human", "persecution", "chinas", "hong", "beijing", "mesut", "uighur", "mike"], "id": "75090d9f-675b-3efb-b9df-2b435fcd7390", "publicationId": "c9a0e53b-93fe-38df-a6ea-4c8ff4501783", "authors": [], "title": "Mike Pompeo backs Mesut \u00d6zil in criticism of China's Uighur persecution"}