{"id": "79711d4d-e900-312e-9a03-ef953d06d92c", "title": "Queensland rock climber feared dead after 40-metre fall from mountain", "url": "https://www.theguardian.com/australia-news/2021/apr/10/queensland-rock-climber-feared-dead-after-40-metre-fall-from-mountain", "summary": "A rock climber is feared dead after a 40-metre fall from a mountain in Queensland\u2019s Sunshine Coast hinterland.\nThe Queensland Ambulance Service said he suffered critical injuries after plunging 40 metres, adding that the matter was now with police.\nPolice are yet to officially confirm the death but Sunshine Coast Senior Sergeant Jimmy Driver said it was a \u201charrowing\u201d incident witnessed by others.\nHe said the coordinator of a nearby rock climbing group provided first aid to the man before paramedics arrived.\n\u201cPeople were shaken and traumatised by the incident, which occurred well in view of multiple people.\u201d", "paragraphs": ["A rock climber is feared dead after a 40-metre fall from a mountain in Queensland\u2019s Sunshine Coast hinterland.", "The man, aged in his 20s, fell while climbing Mount Ngungun, the sixth-tallest peak in the Glass House Mountains, at about midday on Saturday.", "The Queensland Ambulance Service said he suffered critical injuries after plunging 40 metres, adding that the matter was now with police.", "Police are yet to officially confirm the death but Sunshine Coast Senior Sergeant Jimmy Driver said it was a \u201charrowing\u201d incident witnessed by others.", "He said the coordinator of a nearby rock climbing group provided first aid to the man before paramedics arrived.", "\u201cThe mountain this afternoon was extremely busy. It was a harrowing event,\u201d the officer told the Courier-Mail.", "\u201cPeople were shaken and traumatised by the incident, which occurred well in view of multiple people.\u201d"], "authors": [], "keywords": ["coast", "sunshine", "mountain", "witnessed", "climbing", "dead", "fall", "man", "view", "climber", "harrowing", "rock", "incident", "40metre", "feared", "queensland"], "pubDate": "2021-04-10T00:00:00Z", "publicationId": "c9a0e53b-93fe-38df-a6ea-4c8ff4501783"}