{"id": "7d666fb0-b48f-3410-8783-b3f45a580e29", "title": "Multimillionaire London hotel mogul Sir Richard Sutton stabbed to death", "url": "http://www.foxbusiness.com/business-leaders/multimillionaire-london-hotel-mogul-sir-richard-sutton-stabbed-to-death", "summary": "A multimillionaire London hotelier \u2014 who is one of the UK\u2019s wealthiest men \u2014 was stabbed to death at his country mansion and his wife was fighting for her life Friday, according to authorities, who arrested the assailant.\nSir Richard Sutton, 83, and his wife, Anne Schreiber, 65, were attacked in Dorset, England, Wednesday evening by a 34-year-old man who is believed to have known the couple, according to the UK Sun.\nThe hotel mogul, who owned the five-star Sheraton Grand and the historic Athenaeum in London, was pronounced dead while Schreiber was rushed by helicopter to a hospital in critical condition.\n\"We are deeply saddened and devastated by the sudden death of Sir Richard Sutton, announced this morning,\" his company, Sir Richard Sutton Limited, said in a statement.\n\"Sir Richard was a caring, generous and warm family man, who genuinely regarded those who worked for him as part of his extended family.\"", "paragraphs": ["A multimillionaire London hotelier \u2014 who is one of the UK\u2019s wealthiest men \u2014 was stabbed to death at his country mansion and his wife was fighting for her life Friday, according to authorities, who arrested the assailant.", "Sir Richard Sutton, 83, and his wife, Anne Schreiber, 65, were attacked in Dorset, England, Wednesday evening by a 34-year-old man who is believed to have known the couple, according to the UK Sun.", "The hotel mogul, who owned the five-star Sheraton Grand and the historic Athenaeum in London, was pronounced dead while Schreiber was rushed by helicopter to a hospital in critical condition.", "FOTIS DULOS CONNECTICUT MANSION SELLS FOR $1.85M", "Police later arrested the yet-to-be-named suspect, who is believed to have been living with the couple, after stopping him in a vehicle more than 300 miles away in London, the outlet reported.", "He was suffering from possibly self-inflicted injuries and was taken to a hospital where he was recovering Friday, according to BBC News.", "\"We are deeply saddened and devastated by the sudden death of Sir Richard Sutton, announced this morning,\" his company, Sir Richard Sutton Limited, said in a statement. \"Sir Richard was a caring, generous and warm family man, who genuinely regarded those who worked for him as part of his extended family.\"", "GET FOX BUSINESS ON THE GO BY CLICKING HERE", "\"His loss will be felt by everyone within the company, those who worked with him, and his family who have lost an incredible individual \u2026Our thoughts are with the Sutton family at this tragic time.\"", "Sutton ranked No. 435 on the Sunday Times Rich List last year and his family\u2019s wealth is valued at $410 million, according to the outlet.", "Police were investigating Friday and were seeking information. The motive for the attack was not immediately clear."], "authors": [], "keywords": ["mogul", "sutton", "death", "london", "family", "wife", "mansion", "worked", "stabbed", "according", "hotel", "multimillionaire", "sir", "richard", "schreiber"], "pubDate": null, "publicationId": "16476dca-59ce-395e-b896-050080120cd4"}