{"id": "7daf6132-5084-3332-ab4b-0dd96a9a7b23", "title": "Yosemite National Park sees 170 people fall ill with gastrointestinal issues 'consistent with norovirus,' 2 cases confirmed", "url": "https://www.foxnews.com/health/yosemite-170-fall-ill-gastrointestinal-issues-norovirus-2-cases-confirmed", "summary": "Two confirmed cases of norovirus were reported Thursday by officials at Yosemite National Park as at least 170 people have now fallen ill with gastrointestinal issues since visiting the park this month.\nOfficials issued a statement confirming that two people have contracted the extremely contagious virus after spending time in Yosemite Valley on and around the first week of January.\nYOSEMITE NATIONAL PARK VISITORS HIT WITH GASTROINTESTINAL ILLNESS PROMPTING \u2018EXTENSIVE CLEAN-UP\u2019: REPORTAccording to the Centers for Disease Control and Prevention, norovirus can be transmitted through contaminated food, surfaces or objects, or by coming in direct contact with someone who has already been infected.\nThis includes the famous Ahwahnee Hotel restaurant which was recently downgraded by AAA from its four-diamond rating to three diamonds.\n\u201cIt\u2019s kind of disgusting to think that somebody who didn\u2019t wash their hands may have passed on the virus,\u201d Bennett said.", "paragraphs": ["Two confirmed cases of norovirus were reported Thursday by officials at Yosemite National Park as at least 170 people have now fallen ill with gastrointestinal issues since visiting the park this month.", "Officials issued a statement confirming that two people have contracted the extremely contagious virus after spending time in Yosemite Valley on and around the first week of January.", "YOSEMITE NATIONAL PARK VISITORS HIT WITH GASTROINTESTINAL ILLNESS PROMPTING \u2018EXTENSIVE CLEAN-UP\u2019: REPORT", "According to the Centers for Disease Control and Prevention, norovirus can be transmitted through contaminated food, surfaces or objects, or by coming in direct contact with someone who has already been infected. Symptoms include diarrhea, nausea and vomiting.", "Officials said in all, 170 people have reported having gastrointestinal issues and, while only two cases have been confirmed, the \u201coverwhelming majority\u201d are \u201cconsistent with norovirus.\u201d", "Both park visitors and employees are among the people who have fallen ill.", "UTAH-BASED SKI TECH COMPANY FOUNDER, 64, DIES IN FIERY PLANE CRASH, OFFICIALS SAY", "\u201cYosemite National Park officials and medical professionals with the National Park Service Office of Public Health (OPH) are continuing to investigate the circumstances surrounding the illness and are continuing to conduct interviews with affected people,\u201d the statement read.", "The source of the contamination was not revealed but a report from the San Francisco Chronicle cited park officials who said an \u201cextensive clean-up and disinfection\u201d operation has begun in the park\u2019s many food establishments, which include restaurants, snack stands and hotels.", "This includes the famous Ahwahnee Hotel restaurant which was recently downgraded by AAA from its four-diamond rating to three diamonds.", "CLICK HERE TO GET THE FOX NEWS APP", "Michael Bennett, 69, and his partner, Luke Lowery, 60, told the Chronicle that they stayed at the hotel on Jan. 4 and became \u201cviolently ill\u201d on their way home.", "\u201cIt\u2019s kind of disgusting to think that somebody who didn\u2019t wash their hands may have passed on the virus,\u201d Bennett said."], "authors": ["Paulina Dedaj", "Paulina Dedaj Is A Writer", "Reporter For Fox News. Follow Her On Twitter"], "keywords": ["officials", "ill", "national", "norovirus", "sees", "issues", "consistent", "visitors", "fall", "park", "virus", "yosemite", "statement", "reported", "gastrointestinal"], "pubDate": null, "publicationId": "16476dca-59ce-395e-b896-050080120cd4"}