{"id": "847518a8-fc73-3ca0-807b-8cc7ac2fb5d5", "title": "Make This Scrumptious Sugar Cookie Recipe from Beloved New Orleans Bakery Willa Jean", "url": "https://www.vogue.com/article/sugar-cookie-recipe-from-new-orleans-bakery-willa-jean", "summary": "Is there any more perfect dessert at Christmastime than the simple sugar cookie?\nThe owner of Willa Jean Bakery, she sells more than 10,000 cookies a week from her New Orleans shop.\nSo when she published her critically lauded cookbook, The Good Book of Southern Baking, she made sure to feature lots of cookies, including the recipe for her signature sugar cookie.\nMake the cookie dough.\nRefrigerate the dough until ready to roll out, at least 15 minutes or up to overnight.", "paragraphs": ["Is there any more perfect dessert at Christmastime than the simple sugar cookie? The confection is delicious, yes, but also fun to make: you can cut them into trees, stars, or sleighs, and festively frost them any which way. They satisfy your sweet tooth and spread holiday cheer.", "Kelly Fields would know. The owner of Willa Jean Bakery, she sells more than 10,000 cookies a week from her New Orleans shop. (Yes, they\u2019re really that good: in 2019, Fields won the James Beard Award for Outstanding Pastry Chef.) So when she published her critically lauded cookbook, The Good Book of Southern Baking, she made sure to feature lots of cookies, including the recipe for her signature sugar cookie. \u201cThese are literally an all-occasion cookie for celebrating,\u201d she says.", "Whereas parties are out of the question this December, baking scrumptious treats (even if it\u2019s just for one or two) is an easy way to make holidays feel, well, like the holidays. Below, we share Fields\u2019s recipe. It makes 48\u2014which is a lot nowadays. But, as Fields explains, \u201cIf you don\u2019t need it all, leftovers freeze really well and can be saved for the next holiday cooking-decorating bonanza.\u201d", "Sugar Cookies", "Ingredients", "Cookie Dough", "5 cups all-purpose flour, plus more for dusting", "1 teaspoon baking powder", "1 teaspoon kosher salt", "1 1\u20444 cups unsalted butter, at room temperature", "1 1\u20444 cups granulated sugar", "3 ounces cream cheese, at room temperature", "1 egg, at room temperature", "1 teaspoon vanilla extract", "Royal Icing", "2 egg whites", "1\u20442 teaspoon vanilla extract", "4 cups powdered sugar, sifted", "2 tablespoons water", "Directions", "1. Make the cookie dough. In a large bowl, whisk together the flour with the baking powder and salt. In the bowl of a stand mixer fitted with the paddle attachment or in a large bowl using a handheld mixer, cream the butter and sugar on medium-high speed until light and fluffy. Mix in the cream cheese until combined. Decrease the speed to low and slowly beat in the egg and vanilla, incorporating well. Stop the mixer and scrape down the sides of the bowl with a rubber spatula. Mix in the dry ingredients on low speed until a dough forms.", "2. Turn the dough out onto a work surface and knead it a few times by hand. Divide the dough into two equal pieces and wrap each piece in plastic wrap. Refrigerate the dough until ready to roll out, at least 15 minutes or up to overnight. You can also freeze the dough for up to 1 month."], "authors": ["Elise Taylor", "Elise Taylo"], "keywords": ["bakery", "dough", "baking", "speed", "cookie", "temperature1", "cups", "bowl", "sugar", "jean", "recipe", "beloved", "willa", "scrumptious", "teaspoon", "orleans", "vanilla"], "pubDate": null, "publicationId": "ac884d35-ccb4-3937-81f8-8474a4d7a549"}