{"id": "8815a2a4-0a9c-3e8d-94bd-40516cb16679", "title": "Business school rankings from the Financial Times", "url": "http://rankings.ft.com/businessschoolrankings/masters-in-finance-post-experience-2020", "summary": "The figure in brackets shows the percentage of the class for which the school was able to provide employment data.\nPercentage of faculty whose citizenship differs from their country of employment.\nPercentage of students whose citizenship differs from the country in which they are studying.\nPercentage of the board whose citizenship differs from the country in which the business school is based.\nA measure based on changes in the country of employment of alumni between graduation and today.", "paragraphs": ["Footnotes: *Data in these columns are for information only and are not used in the rankings.", "1. An average of salaries three years after graduation. The figure shown is in US Dollars, based on purchasing power parity equivalency.", "2. The rank is calculated using alumni salaries three years after graduation and course costs. The length of the course is also taken into consideration.", "3. The extent to which alumni fulfilled their goals or reasons for doing a Masters in Finance. This is measured as a percentage of total returns for a school.", "4. The percentage of the most recent graduating class that were in employment three months after graduation. The figure in brackets shows the percentage of the class for which the school was able to provide employment data.", "5. Percentage of faculty whose citizenship differs from their country of employment.", "6. Percentage of students whose citizenship differs from the country in which they are studying.", "7. Percentage of the board whose citizenship differs from the country in which the business school is based.", "8. A measure based on changes in the country of employment of alumni between graduation and today.", "9. Weighted average of four criteria that measure international exposure during the Masters programme.", "10. Percentage of faculty with a doctoral degree.", "11. The percentage of the last graduating class that completed company internships as part of the Masters programme."], "authors": [], "keywords": ["differs", "citizenship", "masters", "percentage", "times", "employment", "graduation", "school", "class", "alumni", "financial", "country", "business", "rankings"], "pubDate": null, "publicationId": "eaa33b83-3927-3aaf-af4b-4990c79485da"}