{"id": "8dc20335-fc0e-3a0d-8448-01bda0e80b8d", "title": "Moral Money: why investors should pay attention to ESG", "url": "https://www.ft.com/video/cbf461ed-24f7-4e5a-a8fc-adf1f06d0ccf", "summary": "I've spent my career in the newsroom covering economic, social, and political revolutions.\nBut today, there is a revolution in finance going on that I'm very excited about.\nJust a couple of decades ago, the amount of money invested in so-called ESG - that's environmental, social, and governance principles - was only about a few tens of billions of dollars.\nWe at the FT are going to offer you a trusted guide through our newsletter, called \"Moral Money.\"\nIt's something you can't afford to ignore, whether you want to change the world, simply do no harm, or manage risks.", "paragraphs": ["You can enable subtitles (captions) in the video player", "Hello. I've spent my career in the newsroom covering economic, social, and political revolutions. But today, there is a revolution in finance going on that I'm very excited about. Just a couple of decades ago, the amount of money invested in so-called ESG - that's environmental, social, and governance principles - was only about a few tens of billions of dollars. But today, that has exploded to $23tn. And it's still growing fast.", "75 per cent of investors say they want to get involved. And company boards are embracing these ideas with a new fervour. But what really works? What doesn't? How do you make sense of the hype and the jargon and the alphabet soup? We at the FT are going to offer you a trusted guide through our newsletter, called \"Moral Money.\" It's something you can't afford to ignore, whether you want to change the world, simply do no harm, or manage risks. Find us at ft/moralmoney."], "authors": ["Edited Donell Newkirk. Filmed Reagan Miller."], "keywords": ["investors", "works", "social", "attention", "esg", "moral", "today", "trusted", "thats", "pay", "going", "video", "money", "tens", "world"], "pubDate": null, "publicationId": "eaa33b83-3927-3aaf-af4b-4990c79485da"}