{"id": "8eee826a-fa82-3615-92c0-5a99cc1119c9", "title": "GI Show \u2013 Assassin's Creed Valhalla And Sackboy: A Big Adventure Reviews", "url": "https://www.gameinformer.com/video-podcast/the-game-informer-show/2020/11/12/gi-show-assassins-creed-valhalla-and-sackboy-a-big", "summary": "In this week's episode of The Game Informer Show, we discuss a handful of the games we've been playing recently, including: Assassin's Creed Valhalla, Sackboy: A Big Adventure, NBA 2K21, and Kingdom Hearts Melody of Memory.\nSo please join Jeff Cork, Joe Juba, Kim Wallace, Alex Stadnik, and myself for another wild and ever-entertaining episode!\nAlso, be sure to send your questions to podcast@gameinformer.com for a chance to have them answered on the show.\nOur thanks to The Rapture Twins for The Game Informer Show's intro song.\nIntro: 00:00:00Assassin's Creed Valhalla: 00:01:37Sackboy: A Big Adventure 00:16:52Marvel's Spider-Man Remaster: 00:26:26Demon's Souls: 00:30:23Kingdom Hearts: Melody of Memory: 00:37:14NBA 2K21: 00:45:43Community Emails: 00:54:02", "paragraphs": ["In this week's episode of The Game Informer Show, we discuss a handful of the games we've been playing recently, including: Assassin's Creed Valhalla, Sackboy: A Big Adventure, NBA 2K21, and Kingdom Hearts Melody of Memory. Then we round out the show with another fantastic group of community emails. So please join Jeff Cork, Joe Juba, Kim Wallace, Alex Stadnik, and myself for another wild and ever-entertaining episode!", "Thanks for listening! Please make sure to leave feedback below, share the episode if you enjoyed it, and follow me @benjaminreeves to let me know what you think. You can watch the video above, subscribe and listen to the audio on iTunes or Google Play, listen on SoundCloud, stream it on Spotify, or download the MP3 at the bottom of the page. Also, be sure to send your questions to podcast@gameinformer.com for a chance to have them answered on the show.", "Our thanks to The Rapture Twins for The Game Informer Show's intro song. You can hear more of their music at their website.", "To jump to a particular point in the discussion, check out the time stamps below.", "", "Intro: 00:00:00", "Assassin's Creed Valhalla: 00:01:37", "Sackboy: A Big Adventure 00:16:52", "Marvel's Spider-Man Remaster: 00:26:26", "Demon's Souls: 00:30:23", "Kingdom Hearts: Melody of Memory: 00:37:14", "NBA 2K21: 00:45:43", "Community Emails: 00:54:02"], "authors": ["Senior Editor", "Benjamin Reeves Is A Writer", "Journalist", "Geek Sponge. For The Last Years He Has Worked As An Editor For Game Informer Magazine. He Has A Passion For Video Games", "Comic Books"], "keywords": ["melody", "gi", "big", "hearts", "episode", "sure", "creed", "assassins", "game", "emails", "memory", "listen", "informer", "sackboy", "valhalla", "adventure", "reviews"], "pubDate": "2020-11-12T00:00:00Z", "publicationId": "7abf5426-5048-31ce-9c0a-822c58b19b47"}