{"id": "8f6bc53b-fe41-3722-bf78-67cee3deb565", "title": "Scott says Democratic 'overreach' will help GOP win back Senate in 2022", "url": "http://www.foxnews.com/politics/rick-scott-republicans-win-back-senate-2022", "summary": "While he lamented the attack on the Capitol, Scott doesn\u2019t see it weighing on the GOP in the 2022 midterms.\nScott, a former two-term Florida governor who won election to the Senate in 2018, sees a silver lining in the two GOP Senate defeats in Georgia.\nI think it\u2019s going to help define them and I think it\u2019s going to help us have a big win in 2022.\"\nJust as they did in 2020, Senate Republicans will once again face a challenging map in two years.\nCLICK HERE TO GET THE FOX NEWS APP\"I\u2019ve not talked to either one of them about running for the Senate,\" Scott said.", "paragraphs": ["EXCLUSIVE - Sen. Rick Scott predicts that the Democrats \u2013 who are days away from controlling the Senate, House and White House \u2013 will overreach over the next two years, giving the Republican senator from Florida a \"big opportunity\" as he works to regain the GOP Senate majority in the 2022 midterm elections.", "And Scott \u2013 speaking with Fox News hours before his first full day as chair of the National Republican Senatorial Committee (NRSC), the reelection arm of Senate Republicans \u2013 didn\u2019t rule out a role for President Trump in helping Senate Republicans retake the majority in the midterms.", "SENATE REPUBLICANS FACE ANOTHER TOUGH MAP IN 2022", "Scott was interviewed as congressional Democrats and even some Republicans pushed for the president\u2019s immediate removal from office \u2013 either through resignation, impeachment, or the use of the 25th Amendment, after Trump on Wednesday encouraged thousands of supporters at a rally near the White House to march on the Capitol to protest congressional certification of President-elect Joe Biden\u2019s Electoral College victory. The incitement helped spark the attack on the Capitol, which left five people, including a Capitol Hill police officer, dead. The storming of the Capitol forced the building into lockdown, and the House and Senate were suspended for six hours until the building was cleared of intruders.", "\"I think what happened last week was bad for our country. It was horrible,\" Scott emphasized.", "Asked if he could picture any role for the soon-to-be former president in helping the GOP effort to retake the Senate majority in 2022, Scott said, \"there\u2019s probably going to be places where he can be helpful, and there\u2019s places where he won\u2019t be helpful. It\u2019s sort of up to him. He got 74 million votes. He continues to have support. He had record fundraising online.\"", "But in the wake of the attack on the Capitol, the NRSC chair \u2013 acknowledging Trump\u2019s diminished clout over a party he had reshaped and ruled over for four years \u2013 noted that \"I know there\u2019s going to be some people who disagree with that. My job is to try to navigate all this.\"", "While he lamented the attack on the Capitol, Scott doesn\u2019t see it weighing on the GOP in the 2022 midterms.", "\"In '22 what people are going to focus on is what\u2019s good for their family,\" he predicted. \"My job to is to explain to them that what the Democrats want to do is not as good for their family as what Republicans want to do. I think that's what's going to matter.\"", "THE DEMOCRATS' SWEEP IN GEORGIA GIVES THEM CONTROL OF THE SENATE", "The insurrection at the Capitol came hours after the Democrats swept the twin Senate runoff elections in Georgia, regaining the majority in the chamber for the first time in six years.", "Scott, a former two-term Florida governor who won election to the Senate in 2018, sees a silver lining in the two GOP Senate defeats in Georgia.", "\"I would have rather won these two Georgia seats, but I think we\u2019re going to see a clear choice,\" the senator said. \"Over the next two years, the Democrats are going to try to do a whole bunch of things that the public doesn\u2019t want. They don\u2019t want packing the Supreme Court. They don\u2019t want higher taxes and more regulation. They don\u2019t want the police defunded. I think the Democrats now have the ability to go do some things. I think it\u2019s going to help define them and I think it\u2019s going to help us have a big win in 2022.\"", "Just as they did in 2020, Senate Republicans will once again face a challenging map in two years.", "The Senate will be split 50-50 between the two parties, but the Democrats will hold a razor thin majority, due to the tie-breaking vote of incoming Vice President Kamala Harris. Thirty-four Senate seats will be up for grabs in 2022, with the Republicans defending 20 of those seats.", "The difficult map isn\u2019t the only obstacle facing the Republicans. They\u2019re also defending open seats in two crucial battleground states due to retirements. Sens. Pat Toomey of Pennsylvania and Richard Burr of North Carolina are not running for reelection.", "TRUMP LASHES OUT AT 'WEAK REPUBLICANS,' VOWS PRIMARY CHALLENGES", "There\u2019s also a potential headache in Iowa, where 87-year-old GOP Sen. Chuck Grassley is staying mum so far on whether he\u2019ll run for an eighth six-year term in the Senate. In Wisconsin, Republican Sen. Ron Johnson hasn\u2019t said if he\u2019ll run for a third term. And in Florida, Sen. Marco Rubio is expected to run for a third term, but hasn\u2019t publicly committed to bid for reelection.", "\"I\u2019ve been talking to all of them. I\u2019m optimistic that they\u2019re all going to run,\" Scott highlighted. \"I\u2019ve got a good working relationship with all of them.\"", "But Scott isn\u2019t just playing defense.", "He pointed to possible pickup opportunities in Arizona, Georgia, Nevada, and New Hampshire.", "In Arizona, Republicans will be targeting Democratic Sen. Mark Kelly, who is serving the final two years of the late Sen. John McCain\u2019s term after narrowly winning November\u2019s special election. It\u2019s a similar story in Georgia, where Democrat Raphael Warnock will be up for reelection in 2022, after edging appointed Republican Sen. Kelly Loeffler last week to serve the final two years of former Sen. Johnny Isakson\u2019s term.", "First-term Democratic Sen. Catherine Cortez Masto is up for reelection in Nevada, which remains a key swing state. Biden narrowly defeated Trump in Nevada in the presidential election after Trump was slightly edged out in the state four years ago by Hillary Clinton. And Republicans also view first-term Sen. Maggie Hassan of New Hampshire \u2013 who won her 2016 election by a razor thin margin \u2013 as potentially vulnerable, especially if popular GOP Gov. Chris Sununu decides to run for the Senate in 2022.", "Scott said he\u2019s already looking for recruits.", "\"I've been reaching out to people all around the country and I\u2019ve had conversations all around the country,\" he noted. \"It's my job to recruit good candidates which I'm going to work hard to do. It's my job to raise the money to make sure they can win the elections.\"", "In a video sent to donors, Scott stressed that \"there\u2019s two things I don\u2019t do. I don\u2019t waste money and I don\u2019t lose elections.\"", "But the new NRSC chair could have some immediate headaches, courtesy of Trump.", "Trump is vowing to support primary challenges to Republican lawmakers that are up for reelection in 2022 who last week didn\u2019t support the president\u2019s unsuccessful push to reverse the election results. Trump\u2019s targeted Sen. John Thune of South Dakota, the No. 2 Senate Republican, and Sen. Lisa Murkowski of Alaska.", "If Trump makes good on his rhetoric, that list would also include Republican Sens. Roy Blunt of Missouri, Jerry Moran of Kansas, and Rob Portman of Ohio.", "Scott downplayed Trump\u2019s primary challenge threat, pointing to his first gubernatorial victory in 2010, when he won the GOP primary even though his rivals landed the big endorsements. \"I\u2019m sure that some endorsements matter, but the reality is how do you run your race. I didn\u2019t win my races because I got endorsements,\" he emphasized.", "While Trump won\u2019t be on the ballot in 2022, there\u2019s speculation his daughter Ivanka Trump could possibly make a bid for the Senate in Florida \u2013 and daughter-in-law Lara Trump is flirting with a Senate run in her native North Carolina.", "CLICK HERE TO GET THE FOX NEWS APP", "\"I\u2019ve not talked to either one of them about running for the Senate,\" Scott said.", "While North Carolina\u2019s an open seat, Rubio\u2019s expected to run for reelection in Florida. \"I\u2019m clearly going to support our incumbents,\" Scott spotlighted.", "But he noted that \"anybody and everybody can run for office\" and added that he\u2019s \"historically not been involved in primaries.\""], "authors": ["Paul Steinhauser", "Paul Steinhauser Is A Politics Reporter Based In New Hampshire."], "keywords": ["scott", "sen", "republican", "democratic", "gop", "democrats", "help", "senate", "going", "republicans", "2022", "win", "run", "overreach", "trump"], "pubDate": null, "publicationId": "16476dca-59ce-395e-b896-050080120cd4"}