{"id": "9ddda1cc-e7a5-3de8-ac60-d78527a76273", "title": "Florida juice bar receives $2,021 tip on New Year\u2019s Day from loyal customer", "url": "http://www.foxnews.com/food-drink/florida-juice-bar-2021-tip-new-years-day", "summary": "A juice bar in Miami, Fla. started the new year with a huge tip from a loyal customer.\nOn Friday, Miami Squeeze posted a picture of the $2,021 tip on Instagram, thanking the customer for her generosity.\nTEXAS SMOOTHIE SHOP CUSTOMER CHUCKS DRINK AT WORKER IN VIRAL VIDEOAccording to the picture, the customer left the huge tip on a $71.84 order, with a handwritten note at the top wishing the juice bar a Happy New Year.\nMINNESOTA BOYS DONATE EARNINGS TO RESTAURANT AFTER TIP THEFT\"We are so blessed to have guest[s] like these, who go above and beyond to support our small local business,\" Miami Squeeze wrote on Instagram.\nCLICK HERE TO GET THE FOX NEWS APPKelly Amar, the daughter of the juice bar\u2019s owners, told the Miami Herald that the customer -- who asked to stay anonymous -- orders from Miami Squeeze a couple of times a week.", "paragraphs": ["A juice bar in Miami, Fla. started the new year with a huge tip from a loyal customer.", "On Friday, Miami Squeeze posted a picture of the $2,021 tip on Instagram, thanking the customer for her generosity.", "\"Last year was a tough year for everyone so we\u2019re so grateful to be able to start this new year like this,\" the juice bar captioned the photo, in part.", "TEXAS SMOOTHIE SHOP CUSTOMER CHUCKS DRINK AT WORKER IN VIRAL VIDEO", "According to the picture, the customer left the huge tip on a $71.84 order, with a handwritten note at the top wishing the juice bar a Happy New Year.", "\"Always love coming here,\" she wrote.", "MINNESOTA BOYS DONATE EARNINGS TO RESTAURANT AFTER TIP THEFT", "\"We are so blessed to have guest[s] like these, who go above and beyond to support our small local business,\" Miami Squeeze wrote on Instagram. \"This means so much to us and we couldn\u2019t say thank you enough. Wishing everyone a happy prosperous and healthy new year!\"", "CLICK HERE TO GET THE FOX NEWS APP", "Kelly Amar, the daughter of the juice bar\u2019s owners, told the Miami Herald that the customer -- who asked to stay anonymous -- orders from Miami Squeeze a couple of times a week.", "\"We were not expecting this at all,\" Amar told the newspaper. \"We said, \u2018Are you sure?\u2019 She said \u2018Yes, thank you. I love this place, I\u2019m so happy to do this for you.\u2019 It was a really special moment.\"", "CLICK HERE TO SIGN UP FOR OUR LIFESTYLE NEWSLETTER", "Amar told the Herald that the woman asked that the tip to be split among staff, which meant each of the 22 employees received about $92 each.", "\"She just wanted to say thank you to us because as you know this past year has been very hectic,\" Amar told the Herald. \"This was her way of giving back and this really helps us because this has been a really hard year for all of us. It\u2019s a great thank you for all of us.\""], "authors": ["Ann Schmidt", "Ann Schmidt Is A Lifestyle Reporter For Fox News."], "keywords": ["day", "thank", "2021", "loyal", "receives", "really", "florida", "customer", "herald", "bar", "miami", "squeeze", "juice", "told", "happy", "tip"], "pubDate": null, "publicationId": "16476dca-59ce-395e-b896-050080120cd4"}