{"id": "9e03b22d-2712-38e8-a87c-bf6520be996d", "title": "Consumer Technology Association CEO: COVID has sped up our use of tech, don't let government derail innovation", "url": "http://www.foxbusiness.com/technology/covid-tech-government-innovation-consumer-technology-association-ceo", "summary": "Some legislators even want to break up leading American tech companies \u2013 the crown jewels of the U.S. economy.\nYet three in four technology companies cannot find candidates with the right skills and abilities, according to a Consumer Technology Association survey.\nGET FOX BUSINESS ON THE GO BY CLICKING HEREFilling American tech jobs also requires a fresh look at immigration reform, with an emphasis on high-skilled immigration policy.\nCLICK HERE TO READ MORE ON FOX BUSINESSAmerican tech companies are the envy of the world.\nGary Shapiro is president and CEO of the Consumer Technology Association (CTA)\u00ae, the U.S. trade association representing more than 2,200 consumer technology companies and which owns and produces CES\u00ae \u2014 The Global Stage for Innovation.", "paragraphs": ["The coronavirus pandemic has sped our embrace of technology \u2013 for work, school, health, entertainment, connecting with loved ones \u2013 and spurred innovation around the globe.", "Continue Reading Below", "But tech companies are facing scrutiny and criticism by government. Attacks range from questioning technology's benefit to society to accusations of monopolistic behavior.", "Short-sighted legislative proposals include limits on acquisitions of smaller companies and bans on platforms selling their own products.", "Some legislators even want to break up leading American tech companies \u2013 the crown jewels of the U.S. economy. These proposals, if passed, would hurt our tech leadership, throttle innovation, limit consumer choice, and hit hard the retirement accounts and savings of many Americans.", "CES LAS VEGAS CANCELED, 2021 TECH GATHERING TO TAKE PLACE ONLINE", "More, they would cut investments and threaten American startups looking for investors.", "As new policymakers take power in Washington, we ask they reflect on how game-changing innovations improve our lives \u2013 now and in decades to come.", "Four in 10 U.S. workers are now working from home. Nine in 10 households with school-age kids are learning remotely at least part-time. We\u2019re able to work and learn remotely thanks to high-speed internet, video conferencing tools and affordable laptops. Telehealth and fitness devices are transforming medicine and keeping us healthy.", "As new policymakers take power in Washington, we ask they reflect on how game-changing innovations improve our lives \u2013 now and in decades to come.", "This week, CES(R) 2021 \u2013 the world\u2019s most influential tech event \u2013 breaks new ground with an all-digital format.", "We are using innovations in virtual meetings, predictive intelligence and online exhibitor showcases. From policy conversations around how technology can improve health, the development of self-driving vehicles, and the future of cybersecurity \u2013 CES 2021 will convene thought leaders to discuss these important policy topics and more.", "AMAZON DRONES GET FAA OKAY TO FLY", "Technology is keeping us fit, engaged and connected as we quarantine. From activity trackers, streaming workout sessions and digital fitness trainers to sleep monitors and allergen detectors, technology helps us understand how we can live healthier and more active lives.", "Smart speakers offer seniors and people with disabilities greater independence in their homes, harnessing artificial intelligence to make video calls, offer medication and appointment reminders, order groceries and even hail an Uber or Lyft \u2013 all by voice.", "As we soon shift from our homes and back into public life, new technologies such as air filtration systems, biometric scanners and occupancy sensors will help keep us safe as we return to work and school.", "US ECONOMY SLASHES 140,000 JOBS IN DECEMBER AS COVID SURGE UNDERMINES RECOVERY", "These technologies will help us be human again with other humans as they ensure crowd-friendly spaces and entertainment zones. And until it\u2019s safer to venture out, major content players such as WarnerMedia are streaming movies to our homes at the same time films arrive in theaters.", "Even as technology smooths our transition, our government needs to plan for our nation's future.", "Americans lost millions of jobs to the pandemic. Yet three in four technology companies cannot find candidates with the right skills and abilities, according to a Consumer Technology Association survey.", "Matching business needs with skilled workers requires innovative solutions \u2013 from rethinking education to changing recruiting practices to launching apprenticeships to creating new upskilling programs. The 117th Congress can help by focusing on job creation and training.", "GET FOX BUSINESS ON THE GO BY CLICKING HERE", "Filling American tech jobs also requires a fresh look at immigration reform, with an emphasis on high-skilled immigration policy.", "Eager immigrants create new companies and American jobs at a high level. Indeed, immigrants are 80% more likely to start a business than those born in the U.S., and the number of jobs created by these immigrant-founded firms is 42% higher than native-born founded firms.", "The incoming Biden administration can also help our competitiveness by stabilizing trade relationships and promoting our crown jewel companies and world-leading startup ecosystem. This includes a fact-based look at Section 230, the cornerstone of free speech online, and ensuring it continues to provide protections to companies both large and small.", "More, many emerging technologies getting us through this pandemic are built on cutting-edge innovations like 5G, digital health and AI. Government regulatory efforts should promote U.S. leadership in these technologies, and avoid top-down mandates that would stifle innovation.", "As the next Congress considers legislation related to these critical tech issues, lawmakers must consider whether a bill 1) enhances U.S. innovation; 2) encourages investment in startups and small businesses; 3) is forward-looking; 4) promotes clarity and provides rational and clear guardrails within which companies can operate; and 5) makes U.S. companies more competitive globally.", "CLICK HERE TO READ MORE ON FOX BUSINESS", "American tech companies are the envy of the world. China is spending billions to catch and surpass our nation\u2019s most innovative companies. Europe targets our tech companies with protectionist rules. If we implement rules restricting flexibility or creating new barriers to entrepreneurship and innovation, we will bolster the efforts of competitor nations.", "As we emerge from one of the most challenging periods in U.S. history, industry leaders and policymakers must double down on innovation \u2013 working together to restore stability to our nation\u2019s economy.", "Gary Shapiro is president and CEO of the Consumer Technology Association (CTA)\u00ae, the U.S. trade association representing more than 2,200 consumer technology companies and which owns and produces CES\u00ae \u2014 The Global Stage for Innovation."], "authors": ["Gary Shapiro"], "keywords": ["jobs", "innovations", "consumer", "technologies", "ceo", "help", "dont", "technology", "companies", "innovation", "covid", "let", "sped", "tech", "american", "derail"], "pubDate": null, "publicationId": "16476dca-59ce-395e-b896-050080120cd4"}