{"id": "a06eeee8-6df7-3d69-906f-0862468b0fb9", "title": "My Dream of the Great Unbundling", "url": "https://wired.com/story/my-dream-of-the-great-unbundling/", "summary": "Sometimes I prepare presentations with it, in cursive, and use them when I\u2019m on a video call in lieu of PowerPoint.\nYou can connect to it via an app, but lately I just hit its big dumb button, and it does its thing (vacuuming).\nUpstairs my $35 Raspberry Pi computer, running software called Pi-hole, has blocked 97,000 ads from our home network.\nI am making oatmeal on the stove, my phone is somewhere, charging, and all is well with the world.\nI\u2019m sure I could power it with another Raspberry Pi.", "paragraphs": ["Lately I\u2019ve taken greatly to this epaper tablet, the ReMarkable 2. I\u2019m not sure who sells it. Not Apple or Amazon. It\u2019s slower and monochrome and less powerful than my iPad, but somehow its duller, paperlike screen and its simple software encourage me to scribble, and I\u2019ve been using it to write weird calligraphic notes that I send to my friends. Sometimes I prepare presentations with it, in cursive, and use them when I\u2019m on a video call in lieu of PowerPoint. It doesn\u2019t glow or read email, and I delight in that.", "As I doodle in the sunlight, my Roomba bumps my foot. The children have named it Biscuit. You can connect to it via an app, but lately I just hit its big dumb button, and it does its thing (vacuuming). Upstairs my $35 Raspberry Pi computer, running software called Pi-hole, has blocked 97,000 ads from our home network. I am making oatmeal on the stove, my phone is somewhere, charging, and all is well with the world. I\u2019ve been thinking, idly, of installing a landline. Not a real one. A Wi-Fi one. I\u2019m sure I could power it with another Raspberry Pi.", "You know the story: The web shows up in the 1990s. It\u2019s totally decentralized. Everyone can participate if they can learn HTML. But the platform companies, like Google and Amazon, come along, start to command more and more attention, and take a huge helping of the advertising pie (there was pie?) until only a few megaplatforms matter. And the way you access those platforms is from your phone, which can send emails, order food, call cars, and take pictures\u2014and now check your heart and respiratory rate, or encourage you to walk more until you close your circles. The amount of power this concentrates into a few companies has led to perpetual congressional hearings. We live with it.", "It\u2019s hard to talk about these companies. They\u2019re enormous and complex. But there\u2019s also a paradox built into tech culture: We\u2019re supposed to celebrate scale, while using every possible tool to destroy the incumbents. So you end up feeling as if you should somehow worship these giants and fear their power and size and ability to innovate\u2014and sure, the Apple M1 rollout is for the ages\u2014but at the same time there\u2019s a cultural imperative to smash them, using any (digital) means necessary. We must disrupt the enemy, who is us.", "But how? By making new internets, but guaranteed decentralized this time. We\u2019ll use open protocols, like Mastodon, the Twitter anyone can self-host! Or maybe the answer is to make a globe-spanning network of redundant files, using IPFS. Let\u2019s create our own currencies, like Ethereum, to support dapps (decentralized apps) that run on \u2026 ETH gas? Whatever, NFTs! Build a new browser! Everyone who writes code on the weekends eventually thinks to themselves, You know, if things bend my way, I think I\u2019ve got the next Facebook. Even if it\u2019s a site that makes animated kittens dance. There\u2019s always that little parsley sprig of hope in the mashed potatoes of your side projects.", "SUBSCRIBE Subscribe to WIRED and stay smart with more of your favorite writers.", "But this is fantasy, because giant companies are not going to be disrupted anytime soon. They can afford to buy any threat. And they are built to survive. In 50 years Amazon will be using drones to deliver your denture cream. Apple will be building trains. Facebook will take over the national telecommunications grid in 20 distressed nations and call it the F20.", "They aren\u2019t immortal, of course. All giants fade away. Look at Sears, look at AT&T. Microsoft is 46, but why won\u2019t it make it to 90? We will all probably die before Google does. Every single human reading this will live out the remainder of their life in between product launch events held at Apple Park in the Steve Jobs Theater. People will read our funeral announcements on Facebook and add little sobbies."], "authors": ["Paul Ford", "Paul For"], "keywords": ["theres", "decentralized", "unbundling", "power", "ive", "great", "companies", "sure", "using", "im", "facebook", "dream", "apple"], "pubDate": null, "publicationId": "212e56a6-e535-3569-ad1b-2215526c1d9d"}