{"id": "a1d0bb41-ecab-38e1-83f5-f995391a9bbd", "title": "Media treatment of Meghan and Harry racist, say Labour candidates", "url": "https://www.theguardian.com/uk-news/2020/jan/19/media-treatment-of-meghan-and-harry-intrusive-and-racist-say-labour-chiefs", "summary": "Rebecca Long-Bailey has condemned the treatment of the Duke and Duchess of Sussex by the media as \u201cintrusive and racist\u201d, after the Queen announced plans for them to step back from royal duties.\nLong-Bailey, the shadow business secretary and a Labour leadership candidate, said: \u201cA young couple have been hounded out of the country by the intrusive and racist treatment of the rightwing press.\n\u201cAs a proud black woman I\u2019m not surprised Meghan has chosen peace of mind over dealing with racism every day,\u201d she said.\nAnother Labour leadership candidate, Jess Phillips, called the media coverage racist and xenophobic.\nAt the time, Prince Harry issued a scathing statement denouncing the media\u2019s \u201cbullying\u201d of his wife, which he likened to the treatment of his mother, Princess Diana.", "paragraphs": ["Rebecca Long-Bailey has condemned the treatment of the Duke and Duchess of Sussex by the media as \u201cintrusive and racist\u201d, after the Queen announced plans for them to step back from royal duties.", "Ten days after the couple announced they planned to give up their position as senior members of the royal family and move to North America, the monarch issued a statement on Saturday night setting out a new arrangement that would allow the Sussexes \u201cto start building a happy and peaceful new life\u201d.", "Meghan and Prince Harry will give up using their Royal Highness titles, stop receiving a share of the publicly funded sovereign grant and return \u00a32.4m to the taxpayer to cover the costs of refurbishing their Windsor home.", "The Queen described the agreement as a \u201cconstructive and supportive way forward\u201d, adding that she was \u201cparticularly proud of how Meghan has so quickly become one of the family\u201d.", "Long-Bailey, the shadow business secretary and a Labour leadership candidate, said: \u201cA young couple have been hounded out of the country by the intrusive and racist treatment of the rightwing press. Women of colour in public life are subject to bullying, harassment, disrespect and smears \u2013 and all the while are expected to be grateful that they\u2019re getting any attention at all.\u201d", "Long-Bailey likened Meghan\u2019s treatment by the UK media to that of the shadow home secretary, Diane Abbott. \u201cHer litany of groundbreaking achievements \u2013 a welder\u2019s daughter who made it to Cambridge, becoming the first black woman in the House of Commons \u2013 are routinely ignored,\u201d she said.", "\u201cAnd this treatment has consequences. Diane has received over half of all abuse meted out to MPs, including death threats against her and her family.\u201d", "\u201cThe toxic combination of sexism and racism that runs rife through the rightwing press must be stopped. As leader of the Labour party, I will do everything I can to fight it.\u201d", "Writing on Twitter, Dawn Butler, the shadow women and equalities secretary and one of the party\u2019s deputy leadership candidates, said Meghan\u2019s treatment \u201cshows exactly why we need to have a discussion about race\u201d.", "\u201cAs a proud black woman I\u2019m not surprised Meghan has chosen peace of mind over dealing with racism every day,\u201d she said.", "Another Labour leadership candidate, Jess Phillips, called the media coverage racist and xenophobic. \u201cShe\u2019s been treated like a foreign upstart \u2013 not British enough,\u201d she said. She wrote on Twitter that the couple\u2019s plan sounded \u201cfair enough\u201d, adding: \u201cGood luck to them.\u201d", "Research by the Guardian, published on Saturday, found that the duchess gets more than twice as many negative as positive headlines. Analysis of articles published between May 2018 and mid-January 2019 found that of 843 articles in 14 print newspapers, 43% were negative. Only 20% of the articles were positive, with the remaining 36% remaining neutral.", "Meghan began legal proceedings in October against the Mail on Sunday after the paper published a letter she had sent to her estranged father. At the time, Prince Harry issued a scathing statement denouncing the media\u2019s \u201cbullying\u201d of his wife, which he likened to the treatment of his mother, Princess Diana.", "In November 2016, before the couple married, the Duke of Sussex accused the British press of introducing \u201cracial overtones\u201d into the reporting of their relationship.", "It was reported at the time that Kensington Palace was particularly unhappy with a comment piece by Rachel Johnson in the Mail on Sunday that said the match meant \u201cthe Windsors will thicken their watery, thin blue blood and Spencer pale skin and ginger hair with some rich and exotic DNA\u201d."], "authors": ["Frances Perraudin"], "keywords": ["say", "racist", "treatment", "harry", "leadership", "candidates", "shadow", "meghan", "secretary", "royal", "media", "press", "labour", "published"], "pubDate": null, "publicationId": "c9a0e53b-93fe-38df-a6ea-4c8ff4501783"}