{"id": "a3ed87c9-834b-306d-b4b4-be995905bea7", "url": "https://www.wired.com/story/the-phone-call-from-hell#intcid=recommendations_default-popular_d0fdabd5-502f-4980-a5f0-6dfa3253e0d5_popular4-1", "title": "The War Vet, the Dating Site, and the Phone Call From Hell", "publicationId": "212e56a6-e535-3569-ad1b-2215526c1d9d", "pubDate": null, "paragraphs": ["\u201cOn the 15th.\u201d", "\u201cOf September\u201d he asked.", "\u201cYea,\u201d she replied. \u201cHow old are you\u201d", "\u201cOh ok are you still in high school? And I'm 24.\u201d", "That was the end of the conversation.", "On September 10, Jared had the day off, so he washed his dog, then ran some errands with Lisa. A little after 6 pm, the two were settling into his Jeep Cherokee, making their way back from Walmart, when Jared's phone rang. He didn't recognize the number. Puzzled, Jared stuck an AirPod in his ear and answered.", "The caller identified himself as a police detective. He'd been contacted, he said, by Caroline's parents, who were outraged that Jared had sexually propositioned their underage daughter. They wanted Jared arrested, but the detective suggested he try to work things out with the parents directly. The man on the phone gave him a number to call. Jared was bewildered and shaken. He told Lisa about the girl, and about the caller. He said he didn't think he'd done anything wrong\u2014but if he hadn't, why the hell had a cop just called him? He thought it had to be some kind of misunderstanding.", "He called the number and got a man who said he was James Harris, Caroline's dad. Caroline's mother, the man said, was furious and wanted to press charges.", "Jared started to panic. Had he written something explicit while on the dating app and forgotten about it? If he had Caroline's picture on his phone, would that be enough to be charged with soliciting a minor or possessing child porn or something? If he were convicted, could he be barred from seeing his two sons\u2014the one in Greenville and the one in Germany? Could he go to jail?", "As soon as they got back to his apartment, Lisa watched as Jared Googled the number for the call he got in the car; sure enough, it was a number for the local police department. Leaving Lisa in the living room with Jaxon, Jared retreated to his bedroom and texted the Harrises' number. A person who said she was Caroline's mother wrote back. At a minimum, she told Jared, he would need to reimburse them for the cost of canceling Caroline's cell phone contract, which they had done to punish her. Jared could either pay them $1,189 or take his chance with the police. When he came back to the living room, he was distraught. \u201cThere's nothing they can charge you with,\u201d Lisa assured him. \u201cYou didn't say anything sexual.\u201d But Jared was badly rattled. He told her that he wasn't feeling up to the game night they had planned.", "Throughout the evening, Jared called and texted back and forth with Caroline's parents, trying to talk them down or at least figure out what evidence they had. \u201cMam I really don't remember talking to your daughter and I'm really sorry for all the trouble and if I knew she was under age I would never willing ask for explicit photos. Of a minor. I have two kids of my own \u2026 I understand where you are coming from,\u201d he wrote to Mrs. Harris. \u201cIs there a text where I asked for a explicit photo?\u201d", "By the morning of September 11, Jared was terrified. \"I won't be able to go to my kid\u2018s soccer games, because I\u2018ll be a registered pedophile,\u201d he whimpered.", "\u201cSon you plainly read where she said she wasn't of age \u2026 so you can't say you didn't know,\u201d came the reply. She added: \u201cI'm not going to sit here and bicker about this \u2026 I'd rather let the police take care of it.\u201d", "Jared couldn't sleep that night. By the morning of September 11, he was terrified. \u201cI won't be able to go to my kid's soccer games, because I'll be a registered pedophile,\u201d he whimpered to Lisa, tears in his eyes. Lisa was sympathetic but had to leave to get to her job. \u201cDon't go to work today,\u201d she told him. \u201cTake Jax to his mom's place. I'll come back. We'll ask somebody for help.\u201d", "Jared took her advice. Partly. He called in sick, dropped off Jaxon, and drove back home. On the way, he called his mother and told her he was feeling unwell. Lie down and take it easy, she said. He parked the Jeep, took out the pistol, and climbed the two flights to his apartment."], "keywords": ["number", "phone", "didnt", "lisa", "site", "told", "hell", "carolines", "mother", "dating", "vet", "war", "jared", "parents", "called"], "authors": ["Cond\u00e9 Nast", "Vince Beise", "Vince Beiser", "Wired Staff"], "summary": "He'd been contacted, he said, by Caroline's parents, who were outraged that Jared had sexually propositioned their underage daughter.\nHe told Lisa about the girl, and about the caller.\nCaroline's mother, the man said, was furious and wanted to press charges.\nA person who said she was Caroline's mother wrote back.\nThroughout the evening, Jared called and texted back and forth with Caroline's parents, trying to talk them down or at least figure out what evidence they had."}