{"id": "a5b1290b-dda8-35ee-b838-bc9c9c84cf34", "title": "Halo: Master Chief Collection Season 6 Brings New Rewards, Waterfall Map For Halo 3, And More", "url": "https://www.gameinformer.com/2021/04/08/halo-master-chief-collection-season-6-brings-new-rewards-waterfall-map-for-halo-3-and", "summary": "Halo: The Master Chief Collection season 6 has arrived and brings with it new tiered rewards, the Waterfall map for Halo 3, The Exchange, and so much more.\nWith season 6 now live, here's what you can expect from the Master Chief Collection regarding new content:Currently, the canceled Halo Online Waterfall map is now available in Halo 3 and is available in custom games.\nEscalation Slayer is also a focal point of the new season, available in Halo 2: Anniversary, Halo: Reach, and Halo 4.\nNew nameplates can be seen, including a Pride version with a rainbowed Master Chief helmet, as well as timed seasonal challenges:Package Deal: Compete the Non-Prophet Organization and Story Scorey Challenges.\nWhat are you the most excited about with the Raven season in Halo: Master Chief Collection?", "paragraphs": ["The Raven has landed! Halo: The Master Chief Collection season 6 has arrived and brings with it new tiered rewards, the Waterfall map for Halo 3, The Exchange, and so much more. The new season also brings the ability to swap out your team mid-game in custom matches, giving even more freedom to players.", "In the latest Halo Waypoint blog post, the team over at 343 Industries has broken down what players can expect from the latest season that explores the \"heroic exploits of Fireteam Raven.\" Raven's celebration comes with it unique new armor sets, weapon and vehicle skins, more customization, animated visors and nameplates, Escalation Slayer, and so much more.", "With season 6 now live, here's what you can expect from the Master Chief Collection regarding new content:", "Currently, the canceled Halo Online Waterfall map is now available in Halo 3 and is available in custom games. Escalation Slayer is also a focal point of the new season, available in Halo 2: Anniversary, Halo: Reach, and Halo 4. A new weapon has also been added to Escalation Slayer to keep it feeling fresh and exciting.", "Something super new added is The Exchange. According to 343, \"The customization options in MCC span far and wide \u2013 from classic looks, to brand new items in each successive Season Pass, we\u2019re always looking at ways to make sure that you\u2019ve got a way to get fresh new gear, while also limiting the perils of FOMO.\"", "\"With The Exchange, we\u2019re going to be rotating items from previous Seasons through each week \u2013 and we\u2019re even going to use this as an avenue to show off some brand new items that aren\u2019t in the Season Pass. The first Exchange-exclusive set will be the Rhine armor set (unlocked as a bundle, available all season long), and the Rhine weapon skins (unlocked separately from the armor bundle, notably).\"", "There is some timed content as well, as is normal for new seasons. New nameplates can be seen, including a Pride version with a rainbowed Master Chief helmet, as well as timed seasonal challenges:", "Package Deal: Compete the Non-Prophet Organization and Story Scorey Challenges.", "Double Up: Complete the Spree Real Estate and Nerdy Thirty Challenges.", "Best At Both: Complete the Point Guard and Ranked Beats Everything Challenges.", "It's an awesome new season for Spartans and a great way to pass the time before Halo Infinite's arrival. What are you the most excited about with the Raven season in Halo: Master Chief Collection? What do you hope to see next? Sound off in the comment section below; Cortana would want you to!"], "authors": ["Associate Editor", "With An Arguably Unhealthy Obsession With Dragon Age", "Mass Effect", "Liana Is Wildly Passionate About All Things In The Gaming Community. Shooters", "To Rpgs", "If It'S Out - She'S Playing It. She'S Also Likely To Die Hoarding Gaming Collectibles."], "keywords": ["halo", "pass", "rewards", "weapon", "available", "raven", "waterfall", "season", "chief", "brings", "slayer", "master", "items", "map", "collection"], "pubDate": "2021-04-08T00:00:00Z", "publicationId": "7abf5426-5048-31ce-9c0a-822c58b19b47"}