{"summary": "Written by Amy Woodyatt, CNNSouth Sudanese-Australian supermodel Adut Akech has spoken of her anger and sadness after a prominent Australian magazine published an article about her, but with the image of a different black model, noting that the mix-up \"would've not happened to a white model.\"\nWho Magazine, a weekly celebrity and entertainment publication, ran a feature about Akech, but printed a picture of model Flavia Lazarus instead.\nModel Adut Akech presents a creation during the Alberta Ferretti women's Fall/Winter 2019/2020 collection fashion show, on February 20, 2019 in Milan.\nAustralian supermodel Adut Akech poses for photos at the Melbourne City Baths after it was announced Akech would be the Melbourne Fashion Week 2019 ambassador.\nCredit: William West/AFP/Getty ImagesMelbourne Fashion Week apologized for the mistake in a post on Instagram, writing: \"Last week an article was published in Who Magazine profiling our ambassador Adut Akech.", "id": "a7a040bc-df15-34f3-92a4-1c169697b7fb", "pubDate": null, "url": "https://edition.cnn.com/style/article/adut-akech-who-magazine-error-intl-scli/index.html", "authors": ["Amy Woodyatt"], "paragraphs": ["Written by Amy Woodyatt, CNN", "South Sudanese-Australian supermodel Adut Akech has spoken of her anger and sadness after a prominent Australian magazine published an article about her, but with the image of a different black model, noting that the mix-up \"would've not happened to a white model.\"", "Who Magazine, a weekly celebrity and entertainment publication, ran a feature about Akech, but printed a picture of model Flavia Lazarus instead.", "\"For those who are not aware, last week @whomagazine (Australia) published a feature article about me. In the interview I spoke about how people view refugees and peoples attitude to color in general. With the article they published a large photo saying it was me. But it was of another black girl,\" she wrote in an Instagram post.", "The model said that the error was \"unacceptable and inexcusable under any circumstances,\" and that she felt that her \"entire race has been disrespected.\"", "\"It goes to show that people are very ignorant and narrowminded that they think every black girl or African people looks the same,\" she said. \"I feel as though this would've not happened to a white model.\"", "Model Adut Akech presents a creation during the Alberta Ferretti women's Fall/Winter 2019/2020 collection fashion show, on February 20, 2019 in Milan. Credit: Andreas Solaro/AFP/Getty Images", "Akech added that Who Magazine had apologized to her, and that she needed to \"publicly address the issue.\"", "She said that the mistake \"defeated the purpose of what I stand for and spoke about\" in the interview, adding that Australia had \"a lot of work to do.\" CNN has attempted to contact Who Magazine for comment.", "Akech, 19, is a woman with an extraordinary story . Born in South Sudan, she's a former child refugee who spent the first eight years of her life in Kenya's Kakuma refugee camp before migrating to Australia. She has been a guest editor of CNN Style, commissioning stories around the theme of family.", "Adut Akech: 'The word family has evolved'", "Today, Akech is one of the most in-demand models in fashion, regularly walking for brands including Chanel, Valentino and Givenchy and starring on the covers of a number of high profile magazines, including the Italian, Korean and British editions of Vogue.", "Australian supermodel Adut Akech poses for photos at the Melbourne City Baths after it was announced Akech would be the Melbourne Fashion Week 2019 ambassador. Credit: William West/AFP/Getty Images", "Melbourne Fashion Week apologized for the mistake in a post on Instagram, writing: \"Last week an article was published in Who Magazine profiling our ambassador Adut Akech. We are extremely disappointed that a photo of one of our campaign models, Flavia Lazarus, was mistakenly printed instead of a photo of Adut.\"", "\"Both Adut and Flavia have expressed their disappointment and we support them. This error is unacceptable, and both Who Magazine and our public relations agency, opr, have apologized,\" the post read."], "keywords": ["week", "magazine", "image", "flavia", "wrong", "adut", "published", "black", "article", "akech", "fashion", "publishes", "model", "feature"], "title": "Magazine publishes image of wrong model in Adut Akech feature", "publicationId": "fa207f19-e080-3902-982c-393d321776be"}