{"id": "aa363fb0-8dd0-3a2d-9abd-7c6f7f56b17a", "title": "GI Show \u2013 Hands-on Impressions Of Xbox Series X Console And Baldur's Gate III", "url": "https://www.gameinformer.com/video-podcast/the-game-informer-show/2020/10/08/gi-show-hands-on-impressions-of-xbox-series-x", "summary": "In this week's episode of The Game Informer Show, we discuss a handful of the games we've been playing recently, including: Baldur's Gate III, Genshin Impact, Star Wars: Squadrons, Watch Dogs: Legion, Pikmin 3 Deluxe, and not Hades.\nNext, we got our hands on a new Xbox Series X retail unit, so we share our thoughts on the new console, its controller, and how the new \"suspend\" feature works.\nSo please join Dan Tack, Liana Ruppert, Jeff Cork, Brian Shea, Alex Stadnik, and myself for another wild and ever-entertaining episode!\nAlso, be sure to send your questions to podcast@gameinformer.com for a chance to have them answered on the show.\nTo jump to a particular point in the discussion, check out the time stamps below:Intro: 00:00:00Baldur's Gate III: 00:02:47Genshin Impact: 00:17:55Star Wars: Squardons: 00:31:03Super Mario 64 DS: 00:37:29Rule of Rose: 00:38:48Xbox Series X Impressions: 00:41:51Pikmin 3 Deluxe: 00:50:32Community Emails: 00:54:44Discussing CD Projekt Red and Crunch: 00:57:37", "paragraphs": ["In this week's episode of The Game Informer Show, we discuss a handful of the games we've been playing recently, including: Baldur's Gate III, Genshin Impact, Star Wars: Squadrons, Watch Dogs: Legion, Pikmin 3 Deluxe, and not Hades. Next, we got our hands on a new Xbox Series X retail unit, so we share our thoughts on the new console, its controller, and how the new \"suspend\" feature works. Finally, we close the show with another fantastic round of community emails. So please join Dan Tack, Liana Ruppert, Jeff Cork, Brian Shea, Alex Stadnik, and myself for another wild and ever-entertaining episode!", "Thanks for listening! Please make sure to leave feedback below, share the episode if you enjoyed it, and follow me @benjaminreeves to let me know what you think. You can watch the video above, subscribe and listen to the audio on iTunes or Google Play, listen on SoundCloud, stream it on Spotify, or download the MP3 at the bottom of the page. Also, be sure to send your questions to podcast@gameinformer.com for a chance to have them answered on the show.", "Our thanks to The Rapture Twins for The Game Informer Show's intro song. You can hear more of their music at their website.", "To jump to a particular point in the discussion, check out the time stamps below:", "", "Intro: 00:00:00", "Baldur's Gate III: 00:02:47", "Genshin Impact: 00:17:55", "Star Wars: Squardons: 00:31:03", "Super Mario 64 DS: 00:37:29", "Rule of Rose: 00:38:48", "Xbox Series X Impressions: 00:41:51", "Pikmin 3 Deluxe: 00:50:32", "Community Emails: 00:54:44", "Discussing CD Projekt Red and Crunch: 00:57:37", ""], "authors": ["Senior Editor", "Benjamin Reeves Is A Writer", "Journalist", "Geek Sponge. For The Last Years He Has Worked As An Editor For Game Informer Magazine. He Has A Passion For Video Games", "Comic Books"], "keywords": ["impressions", "gi", "watch", "iii", "baldurs", "wars", "sure", "x", "xbox", "console", "share", "listen", "informer", "handson", "series", "impact", "gate"], "pubDate": "2020-10-08T00:00:00Z", "publicationId": "7abf5426-5048-31ce-9c0a-822c58b19b47"}