{"id": "b1a7b498-79ce-3604-af26-027be8ef42bd", "title": "The Mystery of the World\u2019s Loneliest Penguins", "url": "https://wired.com/story/mystery-worlds-loneliest-penguins/", "summary": "A handful of king penguins have been caught by camera traps on the islands, often hanging out in the gentoo nesting grounds.\nKing penguins can be found elsewhere in Patagonia, but hadn\u2019t been spotted on this island before.\n\u201cWe don\u2019t know anything about king penguins at Martillo Island,\u201d says Sami Dodino, a penguinologist at Argentinian scientific institute CADIC.\nWhether these few king penguins arrived at Martillo Island by accident or design is unknown.\n\u201cKing penguins are really long-distance foragers, so they expand their range,\u201d Raya Rey says.", "paragraphs": ["Some years ago, researchers in Ushuaia, the southernmost city of Argentina, observed some unexpected winter visitors. Martillo Island, a speck of land in the Beagle Channel, regularly attracts tourist boats owing to its photogenic colonies of magellanic and gentoo penguins. Visit today, however, and you may just be lucky enough to spot an outsider: a king penguin, staring out across the channel from the island\u2019s pebble beach, head and shoulders taller than the gentoos and about twice the size of the magellanics.", "WIRED UK This story originally appeared on WIRED UK.", "A handful of king penguins have been caught by camera traps on the islands, often hanging out in the gentoo nesting grounds. King penguins can be found elsewhere in Patagonia, but hadn\u2019t been spotted on this island before. How they got there, where they came from, or even how many there are, is a mystery. \u201cWe don\u2019t know anything about king penguins at Martillo Island,\u201d says Sami Dodino, a penguinologist at Argentinian scientific institute CADIC.", "Ushuaia, right at the southern tip of Argentina, is known fondly as \u201cThe End of the World.\u201d Travel around 1,000 km south and the next place you reach is Antarctica (although not before passing through another settlement on the Chilean side of the Beagle Channel, Puerto Williams\u2014\u201cBeyond the End of the World\u201d). Martillo Island has been home to magellanic penguins, small birds which are unusual in that they dig burrows to nest in, since the 1970s, and welcomed gentoos, a larger species which collects rocks to build nests on the ground, in the 1990s. King penguins look more like the kind you probably first picture when you imagine a penguin. The second-largest species after the emperor penguin, they have distinctive orange \u201ccheeks\u201d and yellow-orange plumage at the top of their chest. The adults are elegant in stature, the chicks endearingly awkward in their rotund brown fuzziness.", "Whether these few king penguins arrived at Martillo Island by accident or design is unknown. \u201cProbably it\u2019s an accident,\u201d says CADIC researcher Andrea Raya Rey. \u201cThey were wandering around the ocean looking for food.\u201d When it is time to moult, king penguins head ashore\u2014usually back to their original colony\u2014before returning to the ocean. But in this case, they may have looked around, seen the other species of penguins on Martillo Island, and landed there to change their feathers instead. \u201cKing penguins are really long-distance foragers, so they expand their range,\u201d Raya Rey says.", "The researchers know from genetic testing that the gentoo colony on Martillo Island originated from individuals that came from the Falkland Islands; there are now around 30 pairs. The same could be true of the king penguin visitors. Alternatively, they may have come from In\u00fatil Bay, a few hundred kilometers north in Chile; Staten Island over to the east; or the island of South Georgia, which has a large king penguin colony, out in the Atlantic.", "When the king penguins were first observed at Martillo Island, the researchers believe they may have been juveniles, as they didn\u2019t appear to try to breed. But in the past few years, one pair has managed to lay an egg. Last year, for the first time, they successfully hatched a chick.", "Sadly the excitement didn\u2019t last long, as the chick died a few weeks later. \u201cWe believe maybe that was because we had a hot summer for Ushuaia,\u201d Dodino says. Raya Rey adds that the chick would have probably died come winter in any case, as the parents were likely inexperienced and at a disadvantage owing to their small group. Usually, king penguin chicks gather together in winter for warmth while their parents hunt for food; this doesn\u2019t work with just one chick. \u201cThey are trying to start a new colony, but it's very difficult for just a few individuals,\u201d she says."], "authors": ["Victoria Turk", "Wired Uk", "Wired U"], "keywords": ["raya", "penguins", "loneliest", "king", "penguin", "winter", "island", "species", "mystery", "worlds", "researchers", "martillo", "rey"], "pubDate": null, "publicationId": "212e56a6-e535-3569-ad1b-2215526c1d9d"}