{"id": "b9c6301e-7ba9-3cb1-801d-1a79006eb000", "title": "Prince Philip\u2019s Life in Pictures", "url": "https://www.nytimes.com/2021/04/09/world/europe/prince-philips-life-in-pictures.html", "summary": "Prince Philip, the husband of Queen Elizabeth II and the longest-serving consort in British history, was born into Greek royalty in the 1920s, served on a battleship in World War II, toured the world on royal missions for decades and sought for most of his life to defend the interests of Britain\u2019s monarchy.\nPhilip came to England after his father, Prince Andrew of Greece, was banished by a revolutionary Greek junta.\nHe met Princess Elizabeth when she was about 13 or 14.\nShe was instantly smitten, telling her father, King George VI, that she could love no other man but him.\nThey married on Nov. 20, 1947, when he was 26 and she was 21.", "paragraphs": ["Prince Philip, the husband of Queen Elizabeth II and the longest-serving consort in British history, was born into Greek royalty in the 1920s, served on a battleship in World War II, toured the world on royal missions for decades and sought for most of his life to defend the interests of Britain\u2019s monarchy.", "His life spanned almost a century of upheaval and change for Britain: As a child, he lived with a granddaughter of Queen Victoria, and he died nearly 100 years old, survived by great grandchildren who will grow up in an era of smartphones and the internet.", "Philip came to England after his father, Prince Andrew of Greece, was banished by a revolutionary Greek junta. He was educated at the Cheam School, an institution bent on toughening privileged children, and then went to Gordonstoun School in Scotland, which promoted a regimen of grueling work, cold showers and hard beds.", "He met Princess Elizabeth when she was about 13 or 14. She was instantly smitten, telling her father, King George VI, that she could love no other man but him. They married on Nov. 20, 1947, when he was 26 and she was 21."], "authors": ["The New York Times"], "keywords": ["pictures", "ii", "philips", "greek", "prince", "school", "life", "elizabeth", "father", "work", "queen", "world"], "pubDate": "2021-04-09T00:00:00Z", "publicationId": "f2968730-9ce5-3e6f-8e64-b6b9f68984b0"}