{"id": "c6728dfa-d74d-3642-bf3d-6970696f46f2", "url": "https://www.wired.com/story/microsoft-flight-simulator-2020#intcid=recommendations_default-popular_d0fdabd5-502f-4980-a5f0-6dfa3253e0d5_popular4-1", "title": "Bing Maps Make the Revived Flight Simulator Eerily Realistic", "publicationId": "212e56a6-e535-3569-ad1b-2215526c1d9d", "pubDate": null, "paragraphs": ["\u201cHey, I can see my house from up here!\u201d", "It\u2019s a joke so tired you\u2019ll hear it from someone jumping on a trampoline, but that\u2019s what came into my head as I banked a small turboprop airplane above my neighborhood in the new version of a revived classic, Microsoft Flight Simulator.", "Because there it was indeed: my house. And my neighbors\u2019 houses, along with the shopping plaza down the road, the hospital complex, the farmland in the distance. All of it eerily accurate, thanks to the new program\u2019s use of Microsoft\u2019s voluminous mapping data. Even the trees, fences, and other features I know from my terrestrial explorations were present and accounted for\u2014in full 3D.", "Stay in the know with our Transportation newsletter. Sign up here!", "Microsoft\u2019s Flight Simulator is its longest-running software product, with the first iteration dating back to the 8-bit days of 1982. At the time, it offered little more than a green expanse of ground and a blue expanse of sky, with a gray strip representing your runway and some black and white blocks for buildings. Microsoft abandoned the franchise in 2012, the general consensus being that it was too niche of a product for the global giant to keep going. It sold the rights to the core sim technology to Lockheed Martin, which uses it for academic and training environments.", "Its revival this past June was a surprise to both the software and aviation industry, given that the company hadn\u2019t uttered a peep about the effort. The new game will likely arrive sometime next year, and is now in alpha testing. But even the early preview I got to play with made clear that Flight Simulator could be more than just a game. It could be a valuable learning tool for aspiring pilots.", "That\u2019s because of those details on the ground. Digital sightseeing is fun, but it also allows real-deal pilots to practice navigating using the landmarks they look for while airborne. Such flying is called VFR, for \u201cvisual flight rules\u201d\u2014meaning that instead of relying on instruments alone, you find your way by tracking certain buildings, roads, towers, mountains, rivers, and so on.", "Though it can\u2019t be used as a formal training tool, accurate, simulated VFR flight allows pilots to rehearse their flights beforehand, making the actual flights later more familiar. With most flight simulators, real-world terrain modeling creates a heavy workload for the computer, and doesn\u2019t keep up with a changing world. Back in the original days of Flight Simulator, every byte of graphics data had to be stored locally, whether downloaded or accessed on DVD, CD, or, yes, floppy disk. \u201cThis sim steps out of that model massively,\u201d says Pete Wright, a pilot whose YouTube channel, Frooglesim, specializes in reviewing such software. \u201cIt\u2019s stunning. It\u2019s unbelievable.\u201d", "What changed for the new generation of Flight Simulator is Microsoft\u2019s development of its Google Maps competitor. The game gets its 3D data from Bing Maps, pulling precise details for anywhere in the world from the cloud and rendering the graphics locally. The end result is a virtual world that\u2019s as accurate as the most recent Bing data.", "In fact, the Bing connection was the impetus for the whole effort. Jorg Neumann, head of Flight Simulator, says the revival began with an app he was developing for Microsoft\u2019s HoloLens augmented reality goggles. \u201cWe wanted people to be able to use the goggles to go anywhere in the world for a tour,\u201d Neumann said. \u201cIt used data from Bing, so the rendering capability was ready five years ago. Two years after that, we started in earnest transferring that idea to a new flight sim.\u201d"], "keywords": ["world", "data", "simulator", "software", "microsofts", "revived", "accurate", "game", "maps", "flight", "sim", "realistic", "bing", "eerily"], "authors": ["Cond\u00e9 Nast", "Eric Adam"], "summary": "Microsoft\u2019s Flight Simulator is its longest-running software product, with the first iteration dating back to the 8-bit days of 1982.\nBut even the early preview I got to play with made clear that Flight Simulator could be more than just a game.\nIt\u2019s unbelievable.\u201dWhat changed for the new generation of Flight Simulator is Microsoft\u2019s development of its Google Maps competitor.\nJorg Neumann, head of Flight Simulator, says the revival began with an app he was developing for Microsoft\u2019s HoloLens augmented reality goggles.\nTwo years after that, we started in earnest transferring that idea to a new flight sim.\u201d"}