{"id": "c772982e-c2e3-3e84-80ae-75be85addd33", "title": "Risk Management Essentials", "url": "https://execed.economist.com/sauder-school-business/risk-management-essentials-2021-03-09", "summary": "Given nameFamily nameYour email addressYour phone numberJob Title Please select a job title Top-level (C-Suite, Owner, President, Director) Mid-level (Vice President, regional manager, managing director) Professional (associate, analyst, lower level manager) Entry level, intern or studentIndustry Please select an industry Accounting and finance Corporate planning/business development Education/teaching Engineering General management Human resources International operations IT/computers/technology Legal/lawyer Manufacturing/production Medical PR/corporate communications Property and premises Public policy Scientific and technical services Sales Transport and distribution OtherSubmitDisclaimer: When you click submit, we will send an email on your behalf to Sauder School of Business from which you are requesting information.\nThe email will contain your contact information so a school representative will be able to get in touch with you.", "paragraphs": ["Given name", "Family name", "Your email address", "Your phone number", "Job Title Please select a job title Top-level (C-Suite, Owner, President, Director) Mid-level (Vice President, regional manager, managing director) Professional (associate, analyst, lower level manager) Entry level, intern or student", "Industry Please select an industry Accounting and finance Corporate planning/business development Education/teaching Engineering General management Human resources International operations IT/computers/technology Legal/lawyer Manufacturing/production Medical PR/corporate communications Property and premises Public policy Scientific and technical services Sales Transport and distribution Other", "Submit", "Disclaimer: When you click submit, we will send an email on your behalf to Sauder School of Business from which you are requesting information. The email will contain your contact information so a school representative will be able to get in touch with you."], "authors": [], "keywords": ["manager", "president", "school", "information", "vice", "essentials", "risk", "director", "level", "select", "management", "email", "title"], "pubDate": "2021-03-09T00:00:00Z", "publicationId": "b7285ce8-a172-3053-b74d-7200a96bce26"}