{"id": "caea5651-45a0-31a5-8f37-b96e710c55a4", "title": "New Gameplay Today \u2013 Astro's Playroom On PlayStation 5", "url": "https://www.gameinformer.com/new-gameplay-today/new-gameplay-today/2020/10/27/new-gameplay-today-astros-playroom-on-playstation", "summary": "While some may be focusing their prelaunch hype on titles such as Marvel's Spider-Man: Miles Morales or Demon's Souls when the PlayStation 5 releases on November 12, players lucky enough to get a preorder shouldn't sleep on Astro's Playroom.\nThis adorable platformer makes a strong first impression with its creative worlds, fun platforming, and absolute adoration for everything PlayStation.\nJoin Jeff Cork, Joe Juba, and me as we not only take you on a wholesome ride through this PlayStation 5 launch title but give you our first impressions on how Astro's Playroom utilizes the new DualSense controller!\nThanks for watching!\nIf you enjoyed this first look at some sweet PlayStation 5 gameplay, be sure to check out our PS5 unboxing video and Jeff's thoughts on the upcoming LittleBigPlanet spinoff Sackboy: A Big Adventure!", "paragraphs": ["While some may be focusing their prelaunch hype on titles such as Marvel's Spider-Man: Miles Morales or Demon's Souls when the PlayStation 5 releases on November 12, players lucky enough to get a preorder shouldn't sleep on Astro's Playroom. This adorable platformer makes a strong first impression with its creative worlds, fun platforming, and absolute adoration for everything PlayStation.", "Join Jeff Cork, Joe Juba, and me as we not only take you on a wholesome ride through this PlayStation 5 launch title but give you our first impressions on how Astro's Playroom utilizes the new DualSense controller!", "Thanks for watching! If you enjoyed this first look at some sweet PlayStation 5 gameplay, be sure to check out our PS5 unboxing video and Jeff's thoughts on the upcoming LittleBigPlanet spinoff Sackboy: A Big Adventure!"], "authors": ["Video Editor", "Alex Is Usually The Largest Nerd In The Room", "Literally", "Has A Deep-Rooted Passion For Video Games", "Movies", "A Good Beer. He Grew Up A Nintendo Kid But Is Now An Equal-Opportunity Gamer Who S Trying To Play More Jrpgs."], "keywords": ["astros", "playroom", "worlds", "playstation", "gameplay", "watching", "video", "today", "upcoming", "utilizes", "wholesome", "unboxing"], "pubDate": "2020-10-27T00:00:00Z", "publicationId": "7abf5426-5048-31ce-9c0a-822c58b19b47"}