{"id": "cd59dd14-9fce-30b9-b0bc-edc1fa23d814", "title": "GI Show \u2013 Nintendo Direct Impressions, Valheim, And Little Nightmares II", "url": "https://www.gameinformer.com/video-podcast/the-game-informer-show/2021/02/18/gi-show-nintendo-direct-impressions-valheim-and", "summary": "On this week's episode of The Game Informer Show, we discuss a handful of the games we've been playing recently, including Little Nightmares II, Valheim, Nioh 2 Remastered - The Complete Edition, Rocksmith 2014.\nThen we spend some time breaking down Nintendo's recent Direct and reflect on the Splatoon 3 reveal and other announcements.\nSo please join Brian Shea (@BrianPShea), Dan Tack (@dantack), Alex Stadnik (@Studnik76), and Ben Reeves (@Benjaminreeves) for another wild and ever-entertaining episode!\nAlso, be sure to send your questions to podcast@gameinformer.com for a chance to have them answered on the show!\n00:00:00 \u2013 Introduction00:01:22 \u2013 Valheim00:08:08 \u2013 Nioh 2 \u2013 The Complete Edition00:10:51 \u2013 Little Nightmares II00:20:24 \u2013 Final Fantasy X00:21:32 \u2013 Super Mario 3D World + Bowser's Fury00:23:17 \u2013 Rocksmith 201400:27:04 \u2013 Nintendo Direct Impressions00:29:47 \u2013 Mario Golf Super Rush00:30:48 \u2013 The Legend of Zelda: Skyward Sword HD00:34:43 \u2013 Splatoon 300:35:41 \u2013 Project Triangle Strategy00:41:01 \u2013 Still Hope For Zelda 35th Anniversary?", "paragraphs": ["On this week's episode of The Game Informer Show, we discuss a handful of the games we've been playing recently, including Little Nightmares II, Valheim, Nioh 2 Remastered - The Complete Edition, Rocksmith 2014. Then we spend some time breaking down Nintendo's recent Direct and reflect on the Splatoon 3 reveal and other announcements. It's a full show, but we make time for another fantastic round of community emails. So please join Brian Shea (@BrianPShea), Dan Tack (@dantack), Alex Stadnik (@Studnik76), and Ben Reeves (@Benjaminreeves) for another wild and ever-entertaining episode!", "Thanks for listening! Please make sure to leave feedback below and share the episode if you enjoyed it. You can watch the video above, subscribe and listen to the audio on iTunes or Google Play, listen on SoundCloud, stream it on Spotify, or download the MP3 at the bottom of the page. Also, be sure to send your questions to podcast@gameinformer.com for a chance to have them answered on the show!", "Our thanks to The Rapture Twins for The Game Informer Show's intro song. You can hear more of their music at their website.", "To jump to a particular point in the discussion, check out the time stamps below.", "00:00:00 \u2013 Introduction", "00:01:22 \u2013 Valheim", "00:08:08 \u2013 Nioh 2 \u2013 The Complete Edition", "00:10:51 \u2013 Little Nightmares II", "00:20:24 \u2013 Final Fantasy X", "00:21:32 \u2013 Super Mario 3D World + Bowser's Fury", "00:23:17 \u2013 Rocksmith 2014", "00:27:04 \u2013 Nintendo Direct Impressions", "00:29:47 \u2013 Mario Golf Super Rush", "00:30:48 \u2013 The Legend of Zelda: Skyward Sword HD", "00:34:43 \u2013 Splatoon 3", "00:35:41 \u2013 Project Triangle Strategy", "00:41:01 \u2013 Still Hope For Zelda 35th Anniversary?", "00:42:01 \u2013 Where is Metroid?", "00:44:49 \u2013 Recapping the Rest of the Direct", "00:53:51 \u2013 Community Emails"], "authors": ["Senior Editor", "Benjamin Reeves Is A Writer", "Journalist", "Geek Sponge. For The Last Years He Has Worked As An Editor For Game Informer Magazine. He Has A Passion For Video Games", "Comic Books"], "keywords": ["gi", "listen", "ii", "direct", "nioh", "little", "zelda", "mario", "sure", "impressions", "rocksmith", "valheim", "super", "nightmares", "splatoon", "nintendo"], "pubDate": "2021-02-18T00:00:00Z", "publicationId": "7abf5426-5048-31ce-9c0a-822c58b19b47"}