{"id": "e6a27e52-bef0-36fe-8f51-7a56f6e639d0", "title": "The Intelligence - \u201cThe Republican Party has a real opportunity to turn their backs on Trump\u201d\u2014calls to oust him grow", "url": "https://www.economist.com/podcasts/2021/01/11/the-republican-party-has-a-real-opportunity-to-turn-their-backs-on-trump-calls-to-oust-him-grow", "summary": "Also on the daily podcast: two new drugs to treat covid-19 and the synthesiser that conquered music in the 1980s\u201cThe Republican Party has a real opportunity to turn their backs on Trump\u201d\u2014calls to oust him growTODAY DEMOCRATIC lawmakers will begin attempts to remove President Donald Trump.\nIt could fail, or be delayed\u2014or Republicans could see a political opportunity.\nEven amid a global vaccination drive, the hunt for covid-19 treatments continues; we examine two existing arthritis drugs that appear to save lives.\nAnd the synthesiser that conquered music in the 1980s and then stuck around.\nListen on: Apple Podcasts | Spotify | Google | Stitcher | TuneInFor full access to print, digital and audio editions of The Economist, subscribe here www.economist.com/intelligenceoffer", "paragraphs": ["Also on the daily podcast: two new drugs to treat covid-19 and the synthesiser that conquered music in the 1980s", "\u201cThe Republican Party has a real opportunity to turn their backs on Trump\u201d\u2014calls to oust him grow", "TODAY DEMOCRATIC lawmakers will begin attempts to remove President Donald Trump. It could fail, or be delayed\u2014or Republicans could see a political opportunity. Even amid a global vaccination drive, the hunt for covid-19 treatments continues; we examine two existing arthritis drugs that appear to save lives. And the synthesiser that conquered music in the 1980s and then stuck around. Runtime: 21min. Additional audio courtesy of Nate Mars and Daniel Reid.", "Listen on: Apple Podcasts | Spotify | Google | Stitcher | TuneIn", "For full access to print, digital and audio editions of The Economist, subscribe here www.economist.com/intelligenceoffer"], "authors": ["The Economist"], "keywords": ["vaccination", "republican", "party", "synthesiser", "conquered", "audio", "turn", "real", "opportunity", "grow", "music", "backs", "oust", "covid19", "drugs", "trumpcalls", "intelligence", "wwweconomistcomintelligenceoffer"], "pubDate": "2021-01-11T00:00:00Z", "publicationId": "b7285ce8-a172-3053-b74d-7200a96bce26"}