{"summary": "(CNN) \u2014 It's been a two-horse race this year to be named the world's most powerful passport, with both top contenders in Asia.\nNow, as we enter the final quarter of 2019, Japan and Singapore have held onto their position as the world's most travel-friendly passports.\nThat's the view of the Henley Passport Index , which periodically measures the access each country's travel document affords.\nSingapore and Japan's passports have topped the rankings thanks to both documents offering access to 190 countries each.\nThe Henley Passport Index is based on data provided by the International Air Transport Authority (IATA) and covers 199 passports and 227 travel destinations.", "id": "e6d92217-f744-3ee6-a681-e7cb95bc38d2", "pubDate": null, "url": "https://edition.cnn.com/travel/article/henley-index-world-best-passport-2019-intl/index.html", "authors": [], "paragraphs": ["(CNN) \u2014 It's been a two-horse race this year to be named the world's most powerful passport, with both top contenders in Asia.", "Now, as we enter the final quarter of 2019, Japan and Singapore have held onto their position as the world's most travel-friendly passports.", "That's the view of the Henley Passport Index , which periodically measures the access each country's travel document affords.", "Singapore and Japan's passports have topped the rankings thanks to both documents offering access to 190 countries each.", "South Korea rubs shoulders with Finland and Germany in second place, with citizens of all three countries able to access 188 jurisdictions around the world without a prior visa.", "Finland has benefited from recent changes to Pakistan's formerly highly restrictive visa policy. Pakistan now offers an ETA (Electronic Travel Authority) to citizens of 50 countries, including Finland, Japan, Spain, Malta, Switzerland and the United Arab Emirates -- but not, notably, the United States or the UK.", "Related content Passports for purchase: Open citizenship doors around the world", "The European countries of Denmark, Italy and Luxembourg hold third place in the index, with visa-free/visa-on-arrival access to 187 countries, while France, Spain and Sweden are in the fourth slot, with a score of 186.", "Five years ago, the United States and the UK topped the rankings in 2014 -- but both countries have now slipped down to sixth place, the lowest position either has held since 2010.", "While the Brexit process has yet to directly impact on the UK's ranking, the Henley Passport Index press release observed in July, \"with its exit from the EU now imminent, and coupled with ongoing confusion about the terms of its departure, the UK's once-strong position looks increasingly uncertain.\"", "The United Arab Emirates continues its ascent up the rankings, up five places to rank 15th.", "\"It's the strongest climber this quarter,\" Lorraine Charles at Cambridge University's Centre for Business Research says in the October release.", "\"While the UAE may not be able to compete with Saudi Arabia -- the regional hegemon -- in terms of military strength and economic power, the projection of its soft power is uncontested in the GCC.\"", "At the other end of the scale, Afghanistan is once again at the bottom of the rankings, with its citizens needing a prior visa for all but 25 destinations worldwide.", "Dr. Christian H. Kaelin, Chairman of Henley & Partners and the creator of the passport index concept, says in the July release: \"With a few notable exceptions, the latest rankings from the Henley Passport Index show that countries around the world increasingly view visa-openness as crucial to economic and social progress.\"", "Japan has held onto the top spot throughout 2019. TOSHIFUMI KITAMURA/AFP/Getty Images", "The best passports to hold in 2019 are:", "1. Japan, Singapore (190 destinations)", "2. Finland, Germany, South Korea (188)", "3. Denmark, Italy, Luxembourg (187)", "4. France, Spain, Sweden (186)", "5. Austria, Netherlands, Portugal (185)", "6. Belgium, Canada, Greece, Ireland, Norway, United Kingdom, United States, Switzerland (184)", "7. Malta, Czech Republic (183)", "8. New Zealand (182)", "9. Australia, Lithuania, Slovakia (181)", "10. Hungary, Iceland, Latvia, Slovenia (180)", "The worst passports to hold", "Several countries around the world have visa-free or visa-on-arrival access to fewer than 40 countries. These include:", "100. Lebanon, North Korea (39 destinations)", "101. Nepal (38)", "102. Libya, Palestinian Territory, Sudan (37)", "103. Yemen (33)", "104. Somalia, Pakistan (31)", "105. Syria (29)", "106. Iraq (27)", "107. Afghanistan (25)", "Other indexes", "Henley & Partner's list is one of several indexes created by financial firms to rank global passports according to the access they provide to their citizens.", "The Henley Passport Index is based on data provided by the International Air Transport Authority (IATA) and covers 199 passports and 227 travel destinations. It is updated in real time throughout the year, as and when visa policy changes come into effect.", "Arton Capital's Passport Index takes into consideration the passports of 193 United Nations member countries and six territories -- ROC Taiwan, Macau (SAR China), Hong Kong (SAR China), Kosovo, Palestinian Territory and the Vatican. Territories annexed to other countries are excluded."], "keywords": ["countries", "passport", "index", "access", "worlds", "powerful", "united", "passports", "visa", "world", "rankings", "henley", "2019"], "title": "World's most powerful passports for 2019", "publicationId": "fa207f19-e080-3902-982c-393d321776be"}