{"summary": "E-cigarettes have been found to significantly increase a user\u2019s risk of developing chronic lung diseases in a study published by UC San Francisco researchers.\nThe study, which is representative of the entire U.S adult population, is the first long-term study to link e-cigarettes to an increased risk of developing chronic pulmonary disease (COPD), emphysema, asthma, and bronchitis.\nThe researchers, who published their findings in the American Journal of Preventative Medicine on Monday, tracked e-cigarette and tobacco habits as well as new lung disease diagnoses in over 32,000 U.S. adults from 2013 to 2016.\nThey found that those who used e-cigarettes and also smoked tobacco were at an even higher risk of receiving a chronic lung disease diagnosis than those who exclusive smoked tobacco or used an e-cigarette.\n\u201cSwitching from conventional cigarettes to e-cigarettes exclusively could reduce the risk of lung disease, but very few people do it,\u201d Glantz said in the news release.", "keywords": ["chronic", "tobacco", "users", "glantz", "lung", "developing", "ecigarettes", "risk", "study", "disease", "increases", "ecigarette", "claims", "researchers"], "paragraphs": ["E-cigarettes have been found to significantly increase a user\u2019s risk of developing chronic lung diseases in a study published by UC San Francisco researchers. The study, which is representative of the entire U.S adult population, is the first long-term study to link e-cigarettes to an increased risk of developing chronic pulmonary disease (COPD), emphysema, asthma, and bronchitis.", "GOVERNMENT-FUNDING PACKAGE INCLUDES PROPOSAL TO RAISE TOBACCO BUYING AGE TO 21", "\u201cWhat we found is that for e-cigarette users, the odds of developing lung disease increased by about a third, even after controlling for their tobacco use and their clinical and demographic information,\u201d senior author Stanton Glantz, PhD, a UCSF professor of medicine and director of the UCSF Center for Tobacco Control Research and Education, said in a news release.", "The researchers, who published their findings in the American Journal of Preventative Medicine on Monday, tracked e-cigarette and tobacco habits as well as new lung disease diagnoses in over 32,000 U.S. adults from 2013 to 2016. They found that those who used e-cigarettes and also smoked tobacco were at an even higher risk of receiving a chronic lung disease diagnosis than those who exclusive smoked tobacco or used an e-cigarette.", "NORTH CAROLINA WOMAN DIES AFTER HER CIGARETTE IGNITES OXYGEN TANK, CAUSING EXPLOSION", "\u201cDual users \u2013 the most common pattern among people who use e-cigarettes \u2013 get the combined risk of e-cigarettes and conventional cigarettes, so they\u2019re actually worse off than tobacco smokers,\u201d Glantz said.", "The researchers also noted that the findings did not take into account the EVALI cases currently being investigated by the FDA and CDC, and was more so to evaluate if e-cigarettes should be marketed as a safe smoking cessation aid.", "\u201cSwitching from conventional cigarettes to e-cigarettes exclusively could reduce the risk of lung disease, but very few people do it,\u201d Glantz said in the news release. \u201cFor most smokers, they simply add e-cigarettes and become dual users, significantly increasing their risk of developing lung disease above just smoking.\u201d", "CLICK HERE TO GET THE FOX NEWS APP", "Glantz and his team determined that their research adds to the argument that e-cigarettes are \u201cmaking the tobacco epidemic worse.\u201d"], "publicationId": "16476dca-59ce-395e-b896-050080120cd4", "url": "https://www.foxnews.com/health/e-cigarette-use-increases-risk-chronic-lung-disease-study", "authors": ["Alexandria Hein"], "id": "ea99e039-6252-3df6-85a7-d1ee73292550", "pubDate": null, "title": "E-cigarette use increases risk of chronic lung disease, study claims"}