{"id": "f6f61d5c-582c-3b25-8003-2d22548abfd9", "title": "New God Of War Comic Explores What Happened To Kratos Following The Original Trilogy", "url": "https://www.gameinformer.com/2021/01/04/new-god-of-war-comic-explores-what-happened-to-kratos-following-the-original-trilogy", "summary": "The original God of War trilogy on PlayStation was nothing short of iconic and Santa Monica's continuation with the overhaul made a beloved franchise even better.\nThat being said, there was a lot left unsaid following the events of the original trilogy, events that will be explored in a new comic series from Dark Horse called God of War: Fallen God.\n\"Can the tides of time ever wash away the blood sands of sin,\" asks the introduction to the new God of War comic.\nThe first issue goes live on March 10, 2021 and can be pre-ordered through your local comics shop!\nYou can check out Dark Horse's Comic Shop Locator right here.", "paragraphs": ["The original God of War trilogy on PlayStation was nothing short of iconic and Santa Monica's continuation with the overhaul made a beloved franchise even better. That being said, there was a lot left unsaid following the events of the original trilogy, events that will be explored in a new comic series from Dark Horse called God of War: Fallen God.", "Written by Chris Roberson, the new comic series kicks off with issue #1 on March 10, 2021 and will explore a narrative surrounding a troubled Kratos trying to escape his past. \"Can the tides of time ever wash away the blood sands of sin,\" asks the introduction to the new God of War comic. \"Or do transpired trespasses permanently and inescapably stain one's soul?\"", "Alongside Roberson taking the helm as the new comic's writer is artist Tony Parker, letterer John Roshell, and the colorist Dan Jackson. We also have stunning cover art from Dave Rapoza, as seen below:", "Dark Horse Comics", "Fallen God is an all-new tale set between the events of God of War III and 2018's God of War. According to the comic's publisher:", "After conquering Zeus and thwarting Athena, Kratos believes himself to be finally free from his bondage. He sets sail for the desert in an attempt to distance himself from his home and his shame only to find his rage and guilt follow close behind. Kratos rages against the one foe that has proven to be unconquerable--himself. But a war against oneself is unwinnable, and only invites madness.", "The first issue goes live on March 10, 2021 and can be pre-ordered through your local comics shop! Need help finding a shop near you? You can check out Dark Horse's Comic Shop Locator right here."], "authors": ["Associate Editor", "With An Arguably Unhealthy Obsession With Dragon Age", "Mass Effect", "Liana Is Wildly Passionate About All Things In The Gaming Community. Shooters", "To Rpgs", "If It'S Out - She'S Playing It. She'S Also Likely To Die Hoarding Gaming Collectibles."], "keywords": ["god", "trilogy", "series", "events", "explores", "original", "following", "shop", "roberson", "happened", "comics", "comic", "kratos", "war"], "pubDate": "2021-01-04T00:00:00Z", "publicationId": "7abf5426-5048-31ce-9c0a-822c58b19b47"}