{"id": "f9ed16a8-c4a4-3163-ba15-c63c6263b0d1", "title": "In Peru\u2019s presidential race there is no clear front runner", "url": "https://www.economist.com/the-americas/2021/03/27/in-perus-presidential-race-there-is-no-clear-front-runner", "summary": "W ITH LESS than three weeks to go before Peru\u2019s presidential election, opinion polls suggest a clear winner: a nihilist rejection of all 18 candidates.\nAdd up the \u201cdon\u2019t knows\u201d and those who tell pollsters they will cast blank or spoilt ballots and they come to around 30%.\nMost of the candidates with a good shot of doing so are populists and outsiders, from both the left and right.\nListen to this story Your browser does not support the <audio> element.\nHe promises greater oversight of businesses and to stop mining projects if they do not have support among the local population.", "paragraphs": ["W ITH LESS than three weeks to go before Peru\u2019s presidential election, opinion polls suggest a clear winner: a nihilist rejection of all 18 candidates. Add up the \u201cdon\u2019t knows\u201d and those who tell pollsters they will cast blank or spoilt ballots and they come to around 30%. But two people must go through to a run-off in June. Most of the candidates with a good shot of doing so are populists and outsiders, from both the left and right.", "Listen to this story Your browser does not support the <audio> element. Enjoy more audio and podcasts on iOS or Android.", "Yonhy Lescano, a left-leaning populist and 20-year veteran of Congress, is the only candidate to poll in double digits (around a measly 13%). Representing Popular Action, a long-established but amorphous party, he wants more state intervention in the economy and likes the look of places such as Bolivia (which have it). He promises greater oversight of businesses and to stop mining projects if they do not have support among the local population.", "Then there is Rafael L\u00f3pez Aliaga: unknown until a few weeks ago, he now has 8% in the polls and is rising fast. A businessman who is a member of Opus Dei, a conservative Roman Catholic movement, he boasts of his celibacy and of how he scourges himself. His critics see him as a Peruvian version of Brazil\u2019s Jair Bolsonaro (he denies this). He wants to cut red tape, reform social programmes and boot out a Brazilian construction firm, Odebrecht, which has been the subject of various corruption scandals."], "authors": ["The Economist"], "keywords": ["audio", "wants", "polls", "version", "candidates", "clear", "w", "race", "veteran", "runner", "support", "presidential", "perus", "winner", "weeks"], "pubDate": "2021-03-27T00:00:00Z", "publicationId": "b7285ce8-a172-3053-b74d-7200a96bce26"}