{"id": "fa5ad5ec-47ad-3c34-b02f-b220c37400d2", "title": "Oligarch\u2019s son told to pay mother \u00a375m after world\u2019s biggest divorce case", "url": "https://www.theguardian.com/news/2021/apr/21/oligarch-son-temur-akhmedov-told-to-pay-mother-75m-in-worlds-biggest-divorce-case", "summary": "The son of an oligarch caught up in the world\u2019s largest divorce case has been told to pay \u00a375m to his mother after a high court judge found he was \u201ca dishonest individual who will do anything to assist his father\u201d.\nShe ruled that Temur should pay his mother more than \u00a375m.\n\u201cAll happy families are alike, each unhappy family is unhappy in its own way,\u201d she said in her judgment.\nHis father him a \u00a330m apartment in One Hyde Park, an exclusive London development, at the time of the divorce.\nLuna, which was built for the Chelsea football club owner, Roman Abramovich, has 10 VIP cabins and a 20-metre swimming pool.", "paragraphs": ["The son of an oligarch caught up in the world\u2019s largest divorce case has been told to pay \u00a375m to his mother after a high court judge found he was \u201ca dishonest individual who will do anything to assist his father\u201d.", "", "Temur Akhmedov was found to have conspired with his father, the billionaire Farkhad Akhmedov, to hide hundreds of millions of pounds of assets - including several mansions, a superyacht, a helicopter and an extensive art collection - in order to avoid paying a \u00a3453m divorce settlement.", "\u201cTemur has learned well from his father\u2019s past conduct and has done and said all he could to prevent his mother receiving a penny of the matrimonial assets,\u201d the judge, Gwynneth Knowles, said in a ruling Wednesday. She ruled that Temur should pay his mother more than \u00a375m.", "Knowles compared the breakdown of relations in the Akhmedov famuily to Leo Tolstoy\u2019s classic Russian novel Anna Karenina.", "\u201cAll happy families are alike, each unhappy family is unhappy in its own way,\u201d she said in her judgment. \u201cWith apologies to Tolstoy, the Akhmedov family is one of the unhappiest ever to have appeared in my courtroom.\u201d", "Temur Akhmedov was accused of acting as his oil tycoon father\u2019s \u201clieutenant\u201d in schemes to hide assets from his mother. His father him a \u00a330m apartment in One Hyde Park, an exclusive London development, at the time of the divorce. During the trial Temur claimed he had lost more than $50m in a single day of trading on the stock market while a student at the London School of Economics.", "Tatiana Akhmedova was awarded a 41.5% share of her ex-husband\u2019s fortune by another British judge in 2016. When he only handed over about \u00a35m, she launched further court action against Temur. Her case was backed by the litigation funder Burford Capital.", "", "Akhmedova said in a statement: \u201cToday\u2019s judgment is the inevitable conclusion given Farkhad\u2019s failure to behave honourably in the first instance.\u201d", "Farkhad Akhmedov said: \u201cEntirely predictably, given its original wrong and misguided judgment, the London court has ruled in favour of visiting \u2018the sins\u2019 of the father on an innocent and loyal son.\u201d", "A spokesman for Temur Akhmedov said he fundamentally disagreed with the ruling, but that \u201che would consider it a price worth paying for should it lead to a reasonable settlement between the parents he both loves\u201d.", "He added that he \u201cnever sought to take sides or get involved but inevitably found himself sucked into the vortex of a bitter family dispute\u201d.", "The family fortune includes an extensive modern art collection including pieces by Mark Rothko, Andy Warhol and Damien Hirst which are held in a Liechtenstein facility referred to as the Treasure House.", "Akhmedova has also attempted to seize Akhmedov\u2019s \u00a3300m superyacht. Luna, which was built for the Chelsea football club owner, Roman Abramovich, has 10 VIP cabins and a 20-metre swimming pool.", ""], "authors": ["Rupert Neate"], "keywords": ["oligarchs", "judge", "pay", "family", "told", "worlds", "75m", "mother", "london", "case", "temur", "biggest", "akhmedov", "judgment", "son", "father", "divorce", "court"], "pubDate": "2021-04-21T00:00:00Z", "publicationId": "c9a0e53b-93fe-38df-a6ea-4c8ff4501783"}