{"id": "fe176b59-2578-3567-b1b3-fb3e2c19c1ce", "title": "Pok\u00e9mon Mystery Dungeon: Rescue Team DX Coming To Switch In March", "url": "https://www.gameinformer.com/pokemon-direct/2020/01/09/pokemon-mystery-dungeon-rescue-team-dx-coming-to-switch-in-march", "summary": "While the big news coming out of today's Pok\u00e9mon Direct presentation is the announcement of the Expansion Pass for Pok\u00e9mon Sword & Shield, Nintendo and The Pok\u00e9mon Company also announced an enhanced version of Pok\u00e9mon Mystery Dungeon: Rescue Team for Switch.\nThe spin-off game, which originally released in 2006, is being updated with new visuals in Pok\u00e9mon Mystery Dungeon: Rescue Team DX.\nPok\u00e9mon Mystery Dungeon: Rescue Team DX takes place in a world where only Pok\u00e9mon exist \u2013 and yes, that includes the player character.\nThis enhanced version of the original games features updated visuals and combines features found in Red Rescue Team and Blue Rescue Team.\nPok\u00e9mon Mystery Dungeon: Rescue Team DX also adds new features like Auto mode, which automatically moves you through the world in efficient manner, and automatic attacks with the press of the A button.", "paragraphs": ["While the big news coming out of today's Pok\u00e9mon Direct presentation is the announcement of the Expansion Pass for Pok\u00e9mon Sword & Shield, Nintendo and The Pok\u00e9mon Company also announced an enhanced version of Pok\u00e9mon Mystery Dungeon: Rescue Team for Switch. The spin-off game, which originally released in 2006, is being updated with new visuals in Pok\u00e9mon Mystery Dungeon: Rescue Team DX.", "Pok\u00e9mon Mystery Dungeon: Rescue Team DX takes place in a world where only Pok\u00e9mon exist \u2013 and yes, that includes the player character. After answering a few questions at the beginning of the game to determine which Pok\u00e9mon you play as (there are 16 different options), you can access a job board. Together with your rescue team of fellow Pok\u00e9mon, you venture out into the world to save innocent Pok\u00e9mon from unexplained natural disasters that have begun occurring all over the world. Over the course of the adventure, players level up through experience gained during jobs, and find items like seeds, berries, and TMs to help them during their adventure.", "This enhanced version of the original games features updated visuals and combines features found in Red Rescue Team and Blue Rescue Team. This version can be played in TV mode, tabletop mode, or handheld mode. Pok\u00e9mon Mystery Dungeon: Rescue Team DX also adds new features like Auto mode, which automatically moves you through the world in efficient manner, and automatic attacks with the press of the A button. Up to eight Pok\u00e9mon, including Pok\u00e9mon they encounter in dungeons, can travel with players, and if a player faints in a dungeon, they can ask for other players to rescue them or they can use another one of their rescue teams to rescue themselves and resume from where they were defeated.", "Starting tonight, a demo will be made available for download on the Switch eShop that allows you to play the early part of the story. Your save file from the demo transfers over to the full version when it releases on March 6."], "authors": ["Digital Editor", "Brian Has Written About Video Games For Over A Decade Across Multiple Publications. When He'S Not Writing Or Gaming", "He'S Usually Listening To Music", "Watching Ufc", "Or Hopelessly Rooting For A Baltimore Or D.C. Sports Team."], "keywords": ["switch", "version", "pok\u00e9mon", "rescue", "world", "mode", "team", "coming", "dx", "features", "players", "mystery", "dungeon"], "pubDate": null, "publicationId": "7abf5426-5048-31ce-9c0a-822c58b19b47"}